0,0,1.1546,2.306,0.717
207,0.0937244,1.2038,2.3541,0.718
635,0.0730984,1.2422,2.3994,0.724
622,0.0730984,1.2681,2.3208,0.728
289,0.0769604,1.2659,2.2713,0.717
1537,0.061594,1.3198,2.2638,0.729
1796,0.0405694,1.3175,2.2378,0.72
1610,0.0405694,1.3308,2.2672,0.724
1707,0.0325155,1.358,2.2596,0.716
1603,0.038376,1.3642,2.2526,0.712
734,0.0780162,1.2133,2.2139,0.712
38,0.0828538,1.2768,2.4668,0.727
241,0.0758216,1.2641,2.5005,0.724
973,0.0758216,1.3259,2.4374,0.723
1485,0.0744947,1.394,2.453,0.726
1053,0.0744947,1.4002,2.4338,0.727
2360,0.0763631,1.4354,2.3661,0.73
2179,0.0801757,1.2603,2.5451,0.722
1512,0.0766349,1.2701,2.5966,0.715
329,0.0602331,1.249,2.6507,0.731
2034,0.0602331,1.3142,2.627,0.731
42,0.0658078,1.2043,2.5968,0.714
1352,0.0693739,1.3341,2.6762,0.712
2229,0.0720576,1.1513,2.5685,0.731
767,0.0744447,1.1041,2.5728,0.724
1233,0.0479096,1.0789,2.581,0.719
1127,0.0292579,1.0754,2.5625,0.716
489,0.0292579,1.0538,2.5661,0.721
1242,0.0397861,1.0902,2.6185,0.712
2359,0.0413612,1.0288,2.5337,0.727
1600,0.0533465,1.0609,2.6629,0.716
2181,0.0558748,1.0399,2.4933,0.712
963,0.0652212,1.1406,2.6593,0.719
562,0.0702809,1.0593,2.7006,0.731
1543,0.0702809,1.1063,2.7164,0.712
1256,0.0746595,1.1011,2.4846,0.726
1171,0.0826371,1.1725,2.4573,0.723
1634,0.0862543,0.9798,2.7322,0.72
414,0.0937244,1.1697,2.2135,0.717
2079,0.0815185,1.0902,2.2305,0.723
1774,0.0815185,1.0942,2.2151,0.715
1402,0.0755434,1.0428,2.207,0.727
1692,0.0937244,1.0754,2.3392,0.728
2250,0.0963409,1.4825,2.3798,0.715
2193,0.0971426,1.1505,2.1187,0.726
477,0.103144,1.3058,2.1354,0.716
106,0.103144,1.2327,2.0766,0.712
1427,0.093409,1.3156,2.0988,0.724
11,0.093409,1.2158,2.0159,0.717
1267,0.106751,0.9655,2.7658,0.72
2256,0.109817,1.0433,2.3469,0.713
282,0.110865,0.9831,2.8438,0.715
2038,0.101791,1.0311,2.8549,0.727
1093,0.101791,0.9965,2.9447,0.716
1284,0.101791,1.0418,3.035,0.724
2251,0.101342,1.045,3.0459,0.717
1841,0.101342,1.1,3.0284,0.716
740,0.0654793,1.1627,3.0466,0.721
1702,0.0854477,1.1167,2.9446,0.716
1667,0.103074,1.1985,3.0574,0.725
254,0.112386,1.4385,2.6347,0.715
1856,0.121006,1.2483,2.7717,0.73
2271,0.12251,0.9324,2.2601,0.728
579,0.12251,0.9176,2.2937,0.716
212,0.12251,0.8293,2.2617,0.714
1377,0.126859,1.6039,2.343,0.716
1039,0.108143,1.6301,2.4397,0.716
271,0.0854113,1.6468,2.3589,0.723
765,0.082804,1.6514,2.4399,0.723
403,0.0811304,1.7004,2.4877,0.723
961,0.0684533,1.6952,2.5237,0.72
800,0.0684533,1.6681,2.5367,0.716
867,0.0716129,1.6001,2.5588,0.712
419,0.0716129,1.6108,2.6068,0.712
236,0.0716129,1.5974,2.6124,0.718
801,0.0876595,1.7128,2.612,0.72
843,0.0900369,1.7391,2.6267,0.73
1460,0.101096,1.662,2.6994,0.721
2357,0.101096,1.7306,2.7304,0.72
700,0.0876826,1.7833,2.7745,0.721
2300,0.0687872,1.7588,2.8134,0.718
411,0.0460703,1.7389,2.8268,0.716
1743,0.0460703,1.7549,2.8448,0.713
2170,0.0888193,1.8675,2.7477,0.712
1084,0.0969728,1.7756,2.938,0.73
1459,0.0987401,1.8718,2.6941,0.727
970,0.0987401,1.8988,2.8394,0.731
969,0.101096,1.6097,2.7819,0.723
1653,0.111902,1.8117,2.4765,0.72
1314,0.114008,1.795,2.9617,0.724
1296,0.114008,1.7928,3.0497,0.715
655,0.0884864,1.7816,3.0938,0.729
295,0.0784993,1.7925,3.1357,0.725
952,0.0784993,1.8062,3.1678,0.72
2188,0.0888481,1.7626,3.2448,0.712
1591,0.10246,1.7217,3.2438,0.718
1170,0.10246,1.6901,3.3172,0.712
446,0.0896141,1.6056,3.341,0.73
1518,0.0790705,1.662,3.3868,0.72
442,0.0754837,1.709,3.4087,0.727
693,0.0523222,1.712,3.4577,0.722
1120,0.0523222,1.7322,3.4432,0.712
1432,0.0790705,1.5598,3.2828,0.718
2182,0.0748755,1.5301,3.3193,0.721
728,0.0471523,1.5064,3.3352,0.715
1108,0.0471523,1.4946,3.3069,0.719
1080,0.082854,1.4205,3.2705,0.712
1123,0.100142,1.8293,3.4633,0.726
2032,0.0886899,1.8033,3.5175,0.714
408,0.0886899,1.8288,3.3791,0.731
980,0.066005,1.8896,3.3992,0.715
1103,0.066005,1.8757,3.3709,0.724
2159,0.0553574,1.8219,3.3599,0.717
568,0.0919579,1.7639,3.5478,0.73
278,0.0919579,1.8215,3.6075,0.719
1360,0.0919579,1.8656,3.643,0.725
319,0.0967995,1.7922,3.6999,0.725
1286,0.0967995,1.9245,3.5666,0.717
362,0.102698,1.5072,3.1946,0.717
1236,0.0809547,1.4735,3.121,0.716
99,0.0809547,1.5308,3.14,0.718
303,0.0604011,1.5581,3.1479,0.726
1012,0.0696613,1.6187,3.1398,0.716
401,0.0619514,1.6509,3.1173,0.72
847,0.0619514,1.6591,3.159,0.713
96,0.0741044,1.521,3.0671,0.727
114,0.0762409,1.573,3.0134,0.712
1854,0.100741,1.5679,2.9392,0.712
24,0.100741,1.5268,2.9239,0.714
2175,0.100741,1.4607,2.9252,0.722
2140,0.105847,1.3699,3.1426,0.714
530,0.108572,1.4074,2.9563,0.72
23,0.110457,1.6294,3.5307,0.715
338,0.110841,1.9674,3.5523,0.722
820,0.1178,1.9016,3.256,0.726
204,0.122321,1.5738,2.7841,0.724
2161,0.125698,1.8067,2.3622,0.729
692,0.114763,1.8925,2.2962,0.713
1013,0.109424,1.878,2.2882,0.726
1773,0.109424,1.9706,2.3475,0.713
1831,0.105615,2.0059,2.2866,0.713
158,0.0964144,2.0128,2.2517,0.727
614,0.0964144,2.0953,2.251,0.719
1698,0.0964144,2.1459,2.2054,0.718
151,0.0826897,2.1528,2.1709,0.716
852,0.0613768,2.199,2.1424,0.725
92,0.0613768,2.1734,2.1133,0.721
420,0.0610266,2.1136,2.1022,0.716
174,0.0610266,2.1841,2.0545,0.729
1153,0.0667445,2.107,2.1066,0.722
453,0.0667445,2.0413,2.0982,0.728
1274,0.0688597,2.1454,2.0252,0.731
1822,0.0552987,2.1794,1.9816,0.73
533,0.0552987,2.1068,2.0202,0.716
1759,0.0677619,2.1945,1.9785,0.731
1188,0.0688597,2.2512,2.0663,0.719
1825,0.0712411,2.2513,2.1904,0.731
399,0.0733981,2.0215,2.0468,0.723
1998,0.07409,2.2546,2.191,0.731
213,0.0838003,2.2642,2.0214,0.713
2069,0.0853042,2.3344,2.0847,0.723
1635,0.0561403,2.3493,2.0631,0.719
578,0.0561403,2.3518,2.1076,0.716
1363,0.0446709,2.3841,2.1105,0.719
2325,0.0528513,2.4017,2.1211,0.727
805,0.0793125,2.4712,2.0829,0.726
2169,0.089625,1.9909,1.9732,0.72
1380,0.0991043,2.1425,1.8914,0.712
552,0.103206,2.1855,1.8132,0.713
1646,0.0850661,2.1037,1.7972,0.73
2132,0.0850661,2.2434,1.8164,0.713
1323,0.0850661,2.1705,1.7445,0.724
126,0.0776682,2.1015,1.7801,0.726
1006,0.0776682,2.1622,1.6876,0.716
209,0.0776682,2.0787,1.7772,0.714
378,0.0925588,2.0269,1.7005,0.713
1309,0.10772,2.3309,1.7537,0.717
1689,0.111089,2.1026,1.5996,0.713
120,0.114015,2.0609,2.415,0.73
274,0.114444,2.4303,2.2318,0.722
911,0.114444,2.4442,2.3415,0.73
393,0.110866,2.4826,2.3195,0.724
74,0.10213,2.5353,2.3288,0.729
501,0.0919864,2.613,2.2823,0.728
2363,0.0874559,2.6202,2.2592,0.719
2051,0.0818714,2.6223,2.2339,0.731
2284,0.0699671,2.6902,2.2175,0.727
353,0.0782092,2.7644,2.1993,0.731
1643,0.0457215,2.7645,2.1936,0.722
1126,0.0457215,2.7737,2.2312,0.727
603,0.0390308,2.8011,2.2227,0.717
1115,0.0510706,2.8519,2.2261,0.713
1243,0.074147,2.852,2.2985,0.729
1880,0.0620868,2.8319,2.3315,0.718
591,0.0401748,2.8227,2.3401,0.712
1364,0.0401748,2.8399,2.3591,0.723
162,0.074147,2.8786,2.1616,0.714
2117,0.0642162,2.927,2.1988,0.729
1978,0.0628603,2.9223,2.1674,0.712
735,0.0628603,2.9836,2.2203,0.723
1833,0.0588374,2.9859,2.1626,0.721
55,0.0588374,2.9539,2.2615,0.718
84,0.0560727,2.949,2.2666,0.712
670,0.0560727,2.9971,2.2948,0.731
885,0.0605534,3.0229,2.3495,0.728
974,0.0605534,2.9721,2.359,0.712
865,0.0605534,3.0787,2.3461,0.716
34,0.0571769,3.0997,2.3931,0.73
79,0.0533478,3.0709,2.4055,0.731
1194,0.0460918,3.088,2.4117,0.726
1472,0.0344168,3.0896,2.4431,0.712
2316,0.0525018,3.1344,2.466,0.727
1945,0.0571769,3.0899,2.3068,0.712
2228,0.0642162,2.8745,2.0983,0.724
869,0.0687055,2.9567,2.3625,0.715
1947,0.0716756,3.1905,2.4214,0.726
511,0.0771417,2.7568,2.38,0.716
2299,0.0671079,2.7619,2.3912,0.713
597,0.0561957,2.7565,2.4471,0.715
2052,0.0561957,2.7493,2.4277,0.721
2252,0.0556513,2.7502,2.4832,0.717
1950,0.0673857,2.6895,2.3784,0.719
2183,0.0507393,2.6817,2.4008,0.712
1162,0.0507393,2.6406,2.3649,0.72
512,0.0507393,2.6559,2.378,0.719
822,0.0806429,3.0614,2.1991,0.722
696,0.083866,3.0841,2.2224,0.718
398,0.0847718,2.6814,2.1334,0.721
2184,0.0864663,2.7625,2.1045,0.713
1325,0.0864663,2.6695,2.0917,0.717
1058,0.0951921,3.2668,2.4644,0.72
631,0.0996546,3.179,2.2633,0.722
1764,0.10197,2.6643,2.538,0.713
1319,0.103416,3.2148,2.2638,0.731
1878,0.103542,2.9331,2.4626,0.727
391,0.102116,2.9743,2.5246,0.715
2240,0.0754019,2.964,2.5598,0.722
1588,0.0754019,2.9224,2.5261,0.723
1639,0.0828716,2.989,2.6385,0.729
2255,0.0331934,2.9714,2.6486,0.72
1481,0.0236559,2.992,2.6541,0.727
1660,0.0224413,2.9808,2.6701,0.723
227,0.0345612,2.9465,2.6731,0.726
949,0.0509417,3.0179,2.7043,0.716
1454,0.0509417,3.039,2.6821,0.715
1720,0.0325579,3.0409,2.6872,0.716
1351,0.0325579,3.0585,2.6595,0.728
5,0.0349437,3.0673,2.6291,0.723
1579,0.058396,3.1106,2.6332,0.73
886,0.0624082,3.0456,2.76,0.721
698,0.0717478,2.9655,2.7533,0.717
1342,0.0717478,2.993,2.7798,0.72
840,0.056212,2.957,2.7967,0.716
577,0.0820206,2.8865,2.7287,0.72
1670,0.0827961,2.835,2.6728,0.712
1484,0.084224,3.1178,2.8028,0.728
1125,0.0913474,2.7447,2.6633,0.722
133,0.0767007,2.7603,2.7204,0.731
367,0.0767007,2.6905,2.7022,0.718
1376,0.0732958,2.6812,2.7059,0.716
524,0.0829077,2.7884,2.5933,0.714
697,0.089618,2.5924,2.7045,0.728
1109,0.0897932,2.6684,2.7945,0.723
586,0.0931052,2.5057,2.7382,0.724
538,0.0931052,2.5225,2.715,0.716
819,0.101409,2.6726,2.5921,0.718
632,0.10318,2.4399,2.6532,0.714
1411,0.104026,2.969,2.0565,0.712
1594,0.1043,2.6773,1.988,0.725
1110,0.0857666,2.7004,1.9057,0.718
1368,0.0857666,2.7331,1.9369,0.724
576,0.0857666,2.6122,1.9881,0.716
1776,0.0857666,2.6597,1.89,0.713
25,0.0949364,2.5771,1.9723,0.716
2308,0.0701388,2.528,1.9454,0.726
527,0.0568719,2.5418,1.9117,0.715
1576,0.0568719,2.5144,1.9373,0.727
618,0.0621636,2.5394,1.8501,0.723
1316,0.0908011,2.4666,1.8032,0.712
1003,0.0895817,2.4324,1.8857,0.719
1147,0.0895817,2.4394,1.8338,0.73
601,0.106776,2.5388,2.8394,0.716
1617,0.107957,2.3683,2.6481,0.73
255,0.108034,3.0006,2.8955,0.719
558,0.110253,3.2202,2.6266,0.72
2214,0.111149,2.5394,2.6049,0.725
1074,0.111177,3.1887,2.7123,0.728
425,0.111177,3.1827,2.7437,0.719
445,0.111753,2.4968,2.5129,0.727
2335,0.112276,2.3324,2.3331,0.724
438,0.1141,3.2744,2.8107,0.73
1902,0.1141,3.3528,2.7766,0.715
410,0.0868007,3.3387,2.8414,0.726
901,0.0753469,3.4028,2.802,0.722
686,0.109795,3.3914,2.9372,0.716
1510,0.110205,3.5106,2.8247,0.725
528,0.11087,3.4381,2.9071,0.722
1315,0.11456,2.7431,1.7994,0.719
2328,0.0918713,2.6988,1.7591,0.727
1260,0.0918713,2.8179,1.8062,0.715
1155,0.0918713,2.8084,1.7349,0.723
1705,0.0723737,2.8592,1.7141,0.723
1739,0.0723737,2.7921,1.7058,0.723
710,0.0676114,2.7431,1.6732,0.716
1395,0.0690645,2.7927,1.6365,0.717
1371,0.0617095,2.8053,1.6376,0.712
1463,0.0617095,2.7933,1.5953,0.727
1100,0.0464574,2.8257,1.5752,0.714
2076,0.0591856,2.735,1.6055,0.727
316,0.0656804,2.8821,1.5924,0.72
264,0.0785714,2.6932,1.539,0.725
1769,0.0995775,2.9816,1.5962,0.721
432,0.0995775,2.9762,1.5265,0.721
637,0.0860106,3.0287,1.5604,0.716
1369,0.0643578,3.0924,1.5586,0.725
589,0.0860106,3.004,1.4455,0.713
588,0.0897422,3.1056,1.6335,0.724
2083,0.082726,3.1456,1.6307,0.72
160,0.082726,3.1536,1.7004,0.716
996,0.110348,2.6125,1.6908,0.719
716,0.111435,2.7224,1.4958,0.712
1873,0.11472,2.6472,2.9068,0.713
19,0.11481,2.0542,2.5294,0.723
456,0.11481,2.1358,2.3913,0.722
364,0.115954,3.0611,2.9501,0.726
218,0.0817949,3.1208,2.996,0.729
1133,0.0753652,3.1171,2.9607,0.723
1134,0.0570733,3.1712,2.9607,0.73
8,0.116688,2.0175,1.521,0.727
1266,0.113413,2.0829,1.5594,0.729
1864,0.113413,2.0238,1.4084,0.715
305,0.0867934,1.9474,1.4488,0.723
550,0.0848834,1.8628,1.444,0.728
1719,0.0848834,1.8984,1.3951,0.725
2028,0.0727234,1.8791,1.4117,0.727
2081,0.0867934,2.0868,1.402,0.726
1883,0.0555678,2.067,1.4109,0.72
1815,0.0555678,2.1105,1.3641,0.725
2039,0.0555678,2.1286,1.4386,0.727
1356,0.063559,2.1686,1.4836,0.715
1375,0.063559,2.1838,1.4673,0.714
380,0.09058,1.8076,1.3574,0.715
150,0.062983,1.758,1.3961,0.712
1651,0.0603787,1.7575,1.3513,0.728
1771,0.0521173,1.7313,1.3424,0.719
1202,0.0593275,1.703,1.372,0.717
326,0.0593275,1.697,1.425,0.729
2005,0.062983,1.8069,1.296,0.714
2112,0.0678628,1.6819,1.2964,0.726
1443,0.0696075,1.6629,1.4563,0.722
1498,0.0790036,1.6162,1.298,0.727
1388,0.0889597,1.8078,1.208,0.727
1596,0.0863845,1.8506,1.2073,0.712
1723,0.0863845,1.7653,1.1328,0.726
211,0.0743487,1.7556,1.1768,0.728
939,0.0743487,1.7077,1.1179,0.712
554,0.0597161,1.7276,1.069,0.72
1483,0.0560744,1.6881,1.041,0.715
1175,0.0559122,1.6755,0.9881,0.728
1641,0.0559122,1.6403,1.0272,0.726
653,0.0560744,1.7579,1.0225,0.712
1674,0.0563328,1.5926,1.0569,0.722
900,0.0597161,1.6916,1.1343,0.715
2026,0.0597161,1.6577,1.1469,0.727
467,0.0597161,1.6236,1.1658,0.716
36,0.0641464,1.7324,0.9585,0.727
947,0.0700012,1.5683,1.1319,0.722
1025,0.0651406,1.558,1.1417,0.712
167,0.0651406,1.5851,1.093,0.729
1987,0.0705071,1.7559,0.9447,0.72
273,0.0708845,1.526,1.2036,0.725
720,0.0721237,1.7372,0.8802,0.718
2337,0.0671858,1.725,0.8796,0.723
1408,0.0671858,1.6989,0.8715,0.724
609,0.0535779,1.6475,0.8807,0.712
374,0.0782845,1.6051,0.8798,0.714
818,0.0810978,1.5089,1.0659,0.723
976,0.0833018,1.4452,1.2127,0.719
650,0.0866122,1.9064,1.1674,0.718
2356,0.0528221,1.8814,1.1271,0.723
772,0.0476874,1.9098,1.1291,0.729
139,0.0476874,1.8466,1.1043,0.715
2171,0.0528221,1.938,1.2093,0.724
2093,0.0781665,1.8828,1.0359,0.726
798,0.0493685,1.8978,1.0436,0.712
341,0.0347818,1.9279,1.0527,0.715
487,0.0347818,1.9304,1.0385,0.723
1886,0.0851604,1.9268,1.2869,0.723
1611,0.0866732,1.8369,0.9152,0.729
1397,0.0866732,1.8424,0.9268,0.725
1430,0.0866732,1.8276,0.8352,0.729
2004,0.0882111,1.7948,0.7773,0.723
2105,0.066815,1.7668,0.7546,0.727
1336,0.066815,1.7726,0.7291,0.715
256,0.0766515,1.8659,0.7491,0.728
1148,0.0882111,1.9118,0.8118,0.717
262,0.0911468,2.11,1.2734,0.716
630,0.0912018,1.744,0.6432,0.726
1788,0.0841296,1.6688,0.6056,0.723
706,0.0841296,1.7809,0.6112,0.713
2042,0.0835239,1.7128,0.6515,0.726
2209,0.0835239,1.842,0.556,0.727
2162,0.0841296,1.6769,0.5413,0.721
1418,0.0878588,1.6501,0.5199,0.718
61,0.0878588,1.5669,0.5179,0.719
2035,0.0924723,1.374,1.154,0.713
1112,0.0496465,1.336,1.1805,0.725
1070,0.0496465,1.3568,1.1235,0.717
2298,0.0352433,1.3721,1.1044,0.712
97,0.0312995,1.3462,1.108,0.72
196,0.0312995,1.3992,1.0999,0.727
337,0.0516523,1.3032,1.1366,0.721
517,0.0516523,1.284,1.1623,0.713
2180,0.0330625,1.2802,1.1689,0.728
464,0.0330625,1.2842,1.1919,0.727
1451,0.0542381,1.3023,1.0764,0.716
394,0.0542381,1.3032,1.0483,0.714
1211,0.0542381,1.2976,1.0599,0.73
705,0.0559147,1.2512,1.0989,0.719
636,0.0562427,1.2177,1.0539,0.723
1468,0.0562427,1.2039,1.1217,0.724
1757,0.0527459,1.2237,1.1541,0.713
1476,0.0424388,1.2002,1.1387,0.728
297,0.0424388,1.2157,1.1943,0.724
1777,0.0570242,1.3152,1.2395,0.722
201,0.0578586,1.2184,1.2365,0.731
547,0.059129,1.2417,1.2468,0.716
2312,0.0615987,1.1605,1.2575,0.73
1786,0.0545136,1.1183,1.2692,0.726
1328,0.0483344,1.1463,1.2655,0.713
387,0.0483344,1.0983,1.2253,0.729
259,0.0474616,1.1348,1.2107,0.719
1149,0.0474616,1.0893,1.2095,0.724
1830,0.0457896,1.0908,1.1809,0.714
2027,0.0509421,1.063,1.1384,0.718
1306,0.062631,1.3117,1.281,0.728
2198,0.0656613,1.2728,0.9908,0.723
644,0.044022,1.2916,0.9796,0.717
136,0.0251637,1.3093,0.9776,0.712
2372,0.0251637,1.3005,0.9566,0.722
1895,0.025975,1.2988,0.9307,0.723
1802,0.0493037,1.2999,0.9034,0.712
2119,0.0408686,1.3348,0.8852,0.723
1048,0.0408686,1.2876,0.8711,0.727
205,0.0480052,1.3446,0.9,0.73
449,0.0480052,1.3759,0.8625,0.713
1690,0.0633698,1.2848,0.8078,0.726
1701,0.0691974,1.1667,1.0382,0.716
1390,0.0728127,1.1836,0.9808,0.727
2144,0.0728127,1.0979,1.0617,0.712
1920,0.0738806,1.0135,1.1931,0.722
913,0.0738806,1.1224,1.1037,0.724
2058,0.0749853,1.0261,1.0401,0.713
773,0.0756485,1.4034,0.9475,0.727
1665,0.0723172,1.4183,0.9481,0.725
1007,0.0721301,1.409,1.0196,0.727
999,0.0721301,1.4541,0.9879,0.731
2019,0.0775797,0.9782,1.2351,0.713
522,0.0786342,1.0458,1.2995,0.723
324,0.0742233,1.0562,1.3389,0.724
1261,0.0733366,1.0636,1.3481,0.728
1744,0.0697379,1.0213,1.4034,0.724
2031,0.0733366,0.9899,1.4352,0.725
321,0.0742233,0.9785,1.3304,0.728
1229,0.0793771,1.2724,1.3495,0.72
634,0.080092,1.1719,0.9437,0.726
1940,0.0717106,1.1953,0.903,0.712
2191,0.0717106,1.1149,0.9016,0.715
347,0.049106,1.1225,0.8841,0.715
1492,0.048963,1.0962,0.9254,0.715
751,0.048963,1.0973,0.8558,0.717
904,0.0495611,1.0631,0.8917,0.73
2311,0.0512588,1.03,0.9127,0.719
2141,0.0813123,1.3962,1.2382,0.729
1513,0.0822849,1.0115,0.8299,0.713
140,0.0850534,0.9458,0.7765,0.718
1210,0.0848119,0.9307,0.7911,0.728
2098,0.0848119,0.9323,0.7018,0.723
1768,0.0760746,0.939,0.6372,0.72
525,0.050002,0.9356,0.665,0.719
902,0.050002,0.8976,0.6177,0.72
1341,0.050002,0.9464,0.5884,0.712
2221,0.060749,0.8814,0.5597,0.712
690,0.0674375,0.8808,0.4978,0.716
1416,0.0674375,0.8533,0.4986,0.717
875,0.0728413,0.7916,0.46,0.72
2094,0.0654978,0.7744,0.4827,0.719
1749,0.0490722,0.7276,0.4714,0.712
1747,0.0486511,0.7296,0.4629,0.716
2285,0.0486511,0.7152,0.499,0.719
269,0.0744484,0.658,0.4429,0.72
1293,0.0791769,0.9295,0.4355,0.712
1207,0.0846794,0.6228,0.5195,0.712
965,0.0736797,0.6243,0.5644,0.72
1909,0.0456318,0.6377,0.5421,0.719
2222,0.0456318,0.6251,0.5916,0.727
1239,0.0842886,0.6885,0.6467,0.72
689,0.0621016,0.7223,0.6249,0.723
1855,0.0403321,0.7468,0.638,0.727
122,0.0403321,0.7553,0.6372,0.716
1780,0.0621016,0.6629,0.7022,0.731
2277,0.0754669,0.7858,0.7062,0.718
863,0.0640981,0.8386,0.6795,0.716
163,0.0640981,0.8127,0.716,0.729
188,0.0640981,0.7594,0.7643,0.724
2234,0.0693906,0.7295,0.7759,0.727
932,0.0669071,0.7076,0.8102,0.719
812,0.0551157,0.7561,0.8359,0.714
183,0.0551157,0.6945,0.8547,0.72
1898,0.0554379,0.6567,0.7886,0.715
2126,0.0691263,0.8237,0.8472,0.723
1677,0.0703499,0.8238,0.855,0.715
1190,0.0748674,0.609,0.8433,0.712
998,0.0866269,0.5822,0.8654,0.721
679,0.0718146,0.5238,0.8947,0.719
208,0.0653685,0.5535,0.9312,0.723
897,0.0653685,0.4779,0.8743,0.721
1725,0.0677868,0.4839,0.9495,0.719
701,0.0723398,0.4601,0.8317,0.73
1688,0.0723398,0.4895,0.8036,0.731
874,0.0723398,0.4481,0.7581,0.721
1419,0.075113,0.4997,0.7203,0.725
371,0.0841364,0.4634,0.6552,0.73
2261,0.0934764,1.5567,0.4994,0.727
1730,0.0934764,1.5518,0.6101,0.716
1553,0.0934764,1.4969,0.5833,0.724
1942,0.0616137,1.4744,0.574,0.712
2289,0.0416425,1.4545,0.5981,0.723
991,0.0416425,1.4394,0.5543,0.723
1676,0.0967962,1.2693,0.7123,0.723
2037,0.0578882,1.2581,0.6626,0.72
1027,0.0545505,1.2354,0.673,0.728
639,0.0521412,1.2151,0.6952,0.712
1546,0.0545505,1.2038,0.7248,0.712
2296,0.0671539,1.1593,0.6592,0.722
382,0.0671539,1.1402,0.6309,0.716
1186,0.0671539,1.1054,0.65,0.724
992,0.0644399,1.0415,0.6477,0.716
1686,0.0683474,1.1196,0.5658,0.713
2283,0.0683474,1.1148,0.5564,0.73
71,0.0584513,1.1124,0.5225,0.729
519,0.0467197,1.0864,0.5054,0.727
2217,0.0650942,1.0388,0.5497,0.73
1169,0.067611,1.0501,0.576,0.731
1574,0.0861481,1.3178,0.6005,0.719
1347,0.0861481,1.3355,0.6247,0.723
437,0.0861481,1.2509,0.5522,0.713
2103,0.0862332,1.3717,0.6797,0.729
1173,0.0922786,1.062,0.7374,0.723
1396,0.0959546,1.1675,0.4452,0.715
739,0.0963216,1.3962,0.7166,0.712
2133,0.0975935,1.7687,1.4931,0.713
386,0.0980591,0.5271,0.5518,0.723
450,0.0990609,0.9281,0.3457,0.713
2056,0.0996272,1.4774,0.4391,0.726
2314,0.101275,0.525,0.5882,0.712
296,0.102412,0.9114,0.9071,0.725
1972,0.10375,1.2645,0.4104,0.727
392,0.103986,1.7379,1.5924,0.715
1552,0.103986,1.7316,1.6796,0.723
1980,0.103986,1.7911,1.6257,0.719
2015,0.102025,1.8923,1.6131,0.722
2291,0.102025,1.8877,1.6769,0.724
285,0.102025,1.9363,1.6091,0.715
462,0.104191,1.3509,1.3762,0.712
1907,0.104191,1.3693,1.3927,0.718
882,0.103643,1.4637,1.406,0.72
2055,0.103643,1.309,1.4764,0.728
1590,0.103643,1.3368,1.5001,0.722
827,0.103643,1.2967,1.5248,0.713
1263,0.106223,0.9164,0.9376,0.717
2008,0.106746,1.2408,0.5228,0.715
1884,0.107778,1.3734,0.4691,0.722
1200,0.107778,1.4434,0.3894,0.724
422,0.0827733,1.3748,0.3807,0.731
281,0.0827733,1.4543,0.3075,0.719
2156,0.0493867,1.4405,0.2967,0.723
1199,0.0493867,1.4603,0.2791,0.729
2168,0.0447295,1.5001,0.2904,0.712
2110,0.088868,1.3422,0.302,0.727
708,0.0960087,1.5623,0.3632,0.719
1000,0.109127,0.5067,1.0562,0.721
2107,0.109127,0.5215,1.0685,0.728
349,0.107619,0.415,1.0769,0.715
443,0.107619,0.6117,1.0962,0.712
1996,0.109508,1.5759,1.3216,0.715
2164,0.109567,1.4082,0.1829,0.723
1522,0.112589,1.935,0.4935,0.716
85,0.0882423,1.8844,0.5542,0.722
2157,0.0792518,1.9595,0.5754,0.725
1575,0.0859585,2.0157,0.5508,0.723
1083,0.0613809,2.0221,0.5058,0.723
157,0.0532828,2.0427,0.5325,0.729
1717,0.0532828,2.0408,0.4564,0.716
1977,0.0532828,2.063,0.4267,0.72
322,0.0532828,2.0705,0.4191,0.731
66,0.0770552,2.1174,0.5513,0.727
1079,0.0770552,2.1172,0.5786,0.722
1496,0.0770552,2.162,0.5104,0.712
956,0.0822088,2.2071,0.4605,0.719
779,0.09258,2.1027,0.333,0.72
1297,0.0517815,2.1173,0.3334,0.731
2109,0.0517815,2.1382,0.3222,0.731
1152,0.0517815,2.0764,0.2888,0.714
1215,0.0736209,2.0085,0.263,0.726
2074,0.113834,0.8502,1.003,0.721
918,0.0760269,0.8899,1.0511,0.723
60,0.0760269,0.873,1.0755,0.723
1405,0.0760269,0.7894,1.012,0.73
638,0.0765086,0.8364,1.1425,0.718
666,0.106025,0.8171,1.2005,0.716
1721,0.115283,2.192,1.1974,0.731
2010,0.0535992,2.2146,1.2251,0.712
1011,0.0535992,2.15,1.1641,0.731
1731,0.0535992,2.2336,1.1975,0.72
13,0.0430299,2.2555,1.1888,0.727
195,0.0906944,2.121,1.0788,0.73
2238,0.10105,2.2336,1.0904,0.72
2092,0.10105,2.216,1.0827,0.722
1106,0.10105,2.3308,1.0707,0.714
1962,0.115702,2.3824,1.0882,0.714
235,0.116528,1.2136,1.6051,0.728
660,0.116944,1.5162,1.4429,0.725
2045,0.117118,3.2715,2.1614,0.727
1936,0.075626,3.2992,2.2248,0.728
2206,0.075626,3.2417,2.0919,0.728
1473,0.0687336,3.2516,2.1392,0.726
134,0.0687336,3.2653,2.06,0.716
306,0.0687336,3.2315,2.0244,0.72
146,0.0732093,3.3384,2.0599,0.72
2137,0.0856435,3.1493,2.0014,0.727
1848,0.0856435,3.1385,1.9705,0.715
1279,0.0856435,3.113,1.9362,0.712
77,0.0761166,3.0475,1.9604,0.716
1218,0.0795691,3.0002,1.9139,0.713
816,0.0663967,2.9715,1.9379,0.723
615,0.0663967,2.9757,1.9146,0.72
1968,0.0811065,3.1229,1.8557,0.712
1350,0.0703934,3.0529,1.8489,0.715
1495,0.0703934,3.1138,1.8443,0.714
2258,0.0610816,3.1135,1.8138,0.722
785,0.0896055,3.2031,1.9105,0.731
1438,0.0904541,3.2174,1.9164,0.724
1119,0.0904541,3.2813,1.8692,0.712
1539,0.0904541,3.3311,1.8838,0.731
2124,0.0861494,3.3661,1.9565,0.719
2173,0.0815739,3.4018,1.932,0.721
642,0.0815739,3.3804,1.9934,0.721
2125,0.107173,3.0013,1.7555,0.725
1761,0.11841,3.3047,2.3586,0.727
1177,0.0887225,3.3458,2.3764,0.714
1657,0.0492552,3.3713,2.3883,0.712
945,0.0492552,3.3903,2.3973,0.717
1944,0.0492552,3.4337,2.4069,0.718
1870,0.0601612,3.3882,2.3307,0.716
1161,0.0645454,3.4529,2.3817,0.719
1662,0.0645454,3.5044,2.3723,0.729
164,0.0744424,3.5315,2.4027,0.715
30,0.0744424,3.5373,2.3068,0.716
1049,0.0873252,3.4593,2.28,0.716
2087,0.0873252,3.4671,2.2251,0.717
1901,0.107722,3.4871,2.1386,0.731
1453,0.111197,3.5379,2.5136,0.72
1517,0.0754303,3.5055,2.5816,0.716
658,0.0754303,3.5911,2.5261,0.72
1230,0.0546487,3.6051,2.5455,0.713
1354,0.0546487,3.6371,2.5403,0.716
1264,0.102096,3.4338,2.5546,0.714
2059,0.112044,3.3865,2.6076,0.722
1585,0.116272,3.6135,2.219,0.714
1693,0.116272,3.6598,2.1448,0.715
978,0.0711854,3.6201,2.1904,0.712
2236,0.0711854,3.7151,2.1477,0.717
1259,0.0711854,3.6274,2.0817,0.721
1461,0.0813905,3.692,2.0322,0.722
951,0.0813905,3.5822,2.0159,0.712
845,0.06442,3.5859,1.9943,0.727
1531,0.0611202,3.548,2.0257,0.724
32,0.049309,3.5254,1.9872,0.722
590,0.0611202,3.5343,1.9532,0.716
849,0.093571,3.7613,2.0376,0.721
221,0.0765303,3.7575,1.9614,0.715
416,0.0619691,3.7947,1.9924,0.73
2120,0.0619691,3.7316,1.9478,0.73
413,0.0619691,3.7915,1.911,0.727
1002,0.0700615,3.7657,1.892,0.72
1132,0.0791743,3.8716,1.9738,0.727
585,0.08318,3.8764,1.9773,0.726
789,0.0877291,3.8862,1.8873,0.728
1113,0.0821163,3.9653,1.9058,0.716
2049,0.0677052,3.948,1.8737,0.716
2368,0.0446052,3.9308,1.8542,0.715
1708,0.0446052,3.9559,1.8298,0.716
480,0.058523,4.0074,1.8035,0.725
1900,0.0677052,4.0298,1.8884,0.727
1183,0.0838351,4.0776,1.8711,0.716
1458,0.087828,4.0723,1.7576,0.721
2361,0.0692231,4.0868,1.7641,0.716
1655,0.0532092,4.1307,1.7941,0.714
1038,0.0476535,4.1239,1.7472,0.719
1508,0.0476535,4.1073,1.8321,0.716
855,0.0476535,4.1695,1.7862,0.718
1857,0.0600113,4.2043,1.7908,0.73
1839,0.0830399,4.1458,1.6672,0.723
787,0.0830399,4.0712,1.6664,0.715
602,0.0830399,4.1952,1.6126,0.723
2287,0.0861648,4.0131,1.695,0.72
919,0.0861648,3.9791,1.7141,0.724
641,0.0881419,3.9237,2.051,0.716
1124,0.0881419,3.9507,2.0555,0.714
307,0.0881419,3.9312,2.1137,0.722
1608,0.0890681,3.845,2.135,0.729
1322,0.0890681,3.8338,2.128,0.715
44,0.0890681,3.8906,2.208,0.728
1800,0.0891334,4.0753,1.9641,0.715
1561,0.0930339,4.064,2.0306,0.718
1637,0.0937777,3.8975,1.7284,0.712
1249,0.0976322,4.1897,1.58,0.722
1540,0.0964847,4.283,1.5604,0.714
561,0.0964847,4.2195,1.4885,0.729
1532,0.097092,4.2983,1.4341,0.731
286,0.0957745,4.2845,1.3825,0.717
928,0.0957745,4.3316,1.3792,0.73
549,0.0989708,3.9011,2.2586,0.72
1970,0.103192,4.3849,1.5764,0.717
1299,0.103899,3.6747,1.8419,0.718
724,0.103899,3.6389,1.815,0.73
1509,0.103899,3.6506,1.8054,0.724
1269,0.105094,3.8585,1.7464,0.723
1633,0.105094,3.8009,1.7688,0.721
2189,0.105094,3.7615,1.7043,0.727
2178,0.0970649,3.7152,1.6877,0.714
921,0.0864006,3.7508,1.609,0.712
1735,0.0864006,3.6601,1.6758,0.727
331,0.0807589,3.622,1.6202,0.714
2115,0.0807589,3.5843,1.7014,0.716
646,0.0807589,3.541,1.7098,0.73
2248,0.0675051,3.5425,1.7138,0.723
63,0.0675051,3.493,1.6634,0.72
1699,0.0675051,3.466,1.6887,0.712
923,0.0461158,3.4462,1.6474,0.712
2341,0.0461158,3.4515,1.7308,0.724
876,0.0864006,3.7805,1.6081,0.724
2176,0.0864006,3.7256,1.5616,0.722
412,0.0624977,3.6784,1.5401,0.714
1344,0.0624977,3.6942,1.5076,0.724
1631,0.0671832,3.7134,1.444,0.714
1140,0.0496439,3.7308,1.4277,0.716
1146,0.0455851,3.763,1.446,0.714
309,0.0455851,3.6968,1.3976,0.72
171,0.0496404,3.7689,1.4701,0.723
598,0.0496439,3.6698,1.3875,0.719
2354,0.0541026,3.8121,1.4233,0.715
1005,0.064191,3.7875,1.3718,0.722
182,0.0679171,3.8303,1.4977,0.714
1384,0.072231,3.6859,1.3172,0.723
1197,0.072231,3.7461,1.3218,0.723
894,0.072231,3.6862,1.2683,0.73
796,0.0724621,3.8837,1.4344,0.716
2320,0.0766002,3.841,1.531,0.729
927,0.0814499,3.8226,1.294,0.72
1875,0.0814499,3.8302,1.2765,0.716
1587,0.0670999,3.8822,1.2987,0.718
1991,0.0670999,3.839,1.2101,0.72
553,0.0828398,3.9085,1.4678,0.716
1273,0.0854878,3.7575,1.2012,0.72
2292,0.088404,3.984,1.5129,0.725
2155,0.088404,3.9958,1.5761,0.715
2302,0.088404,4.0406,1.4475,0.717
1794,0.0607684,3.9901,1.4159,0.729
2346,0.0607684,4.0682,1.4409,0.714
178,0.0607684,4.0721,1.4442,0.725
1435,0.0823426,4.0449,1.363,0.727
314,0.0761935,4.0388,1.3009,0.719
1715,0.0629097,4.049,1.3401,0.725
1095,0.0621548,4.056,1.279,0.716
1602,0.0621548,4.1036,1.2688,0.719
1401,0.0886083,4.167,1.2071,0.714
421,0.0895473,3.5474,1.5883,0.724
2288,0.0927944,3.8789,1.5755,0.728
194,0.0979449,3.5881,1.3128,0.726
846,0.105559,3.5539,1.3667,0.728
2143,0.105559,3.4872,1.2818,0.725
1287,0.084692,3.4064,1.2565,0.727
1722,0.0378134,3.4365,1.2793,0.729
2001,0.0378134,3.4006,1.2528,0.72
1659,0.0378134,3.3924,1.27,0.72
2324,0.0533539,3.4722,1.2397,0.727
2358,0.102356,3.4473,1.1405,0.723
857,0.106167,3.4287,1.1436,0.715
277,0.108142,4.4179,1.3141,0.727
1450,0.108203,4.1806,1.9869,0.725
808,0.104254,4.1334,2.0556,0.723
1217,0.0833759,4.148,2.1028,0.715
1625,0.0919973,4.186,2.1342,0.726
1736,0.0863841,4.1195,2.1893,0.728
1770,0.0863841,4.1878,2.2169,0.714
1081,0.0892223,4.2744,2.1979,0.724
2340,0.104254,4.2528,1.9118,0.729
344,0.104254,4.2709,1.9824,0.727
719,0.0904338,4.3233,1.9218,0.722
2207,0.108719,3.5346,1.8423,0.716
1751,0.10883,4.2468,1.2809,0.727
1928,0.109469,4.2081,1.1629,0.712
2114,0.111207,4.5051,1.2452,0.731
955,0.0858094,4.4229,1.2209,0.727
1114,0.0858094,4.4468,1.1925,0.72
1224,0.0627207,4.439,1.1353,0.728
907,0.0503495,4.4801,1.1395,0.724
1290,0.0503495,4.4336,1.1317,0.729
2332,0.0474142,4.3915,1.1262,0.714
1804,0.0650713,4.4953,1.0763,0.727
245,0.0657599,4.3266,1.1156,0.714
494,0.0694424,4.5304,1.0498,0.727
1339,0.0548108,4.5517,1.0358,0.726
1407,0.0548108,4.4986,1.0068,0.715
1704,0.0614949,4.5079,0.9619,0.712
691,0.0459512,4.5307,0.9512,0.712
2021,0.0459512,4.5066,0.9251,0.715
747,0.0607724,4.4515,0.9496,0.731
821,0.0623879,4.4143,0.9977,0.721
1526,0.063451,4.6052,1.0017,0.725
687,0.0697636,4.3929,0.9126,0.723
199,0.0698748,4.4024,0.9009,0.721
503,0.0698748,4.4279,0.851,0.728
104,0.0770716,4.5626,0.8731,0.725
2,0.0770716,4.6166,0.8895,0.73
1808,0.0770716,4.5771,0.8287,0.712
469,0.0776342,4.5117,0.7873,0.718
192,0.0811738,4.6495,1.0195,0.718
2201,0.0811738,4.6356,1.0768,0.73
2243,0.0811738,4.5847,1.1294,0.717
1131,0.0858094,4.59,1.2421,0.727
764,0.0850511,4.6411,1.1824,0.729
1838,0.0786084,4.6724,1.1738,0.715
721,0.0850511,4.6389,1.2953,0.727
1413,0.0865467,4.259,1.0915,0.714
1865,0.0717677,4.2548,1.0436,0.716
838,0.0588234,4.2392,1.0496,0.716
619,0.0588234,4.3121,1.0303,0.716
657,0.0631883,4.2938,0.9962,0.731
330,0.0957079,4.1441,1.0456,0.726
1604,0.0958844,4.7325,1.2096,0.719
1272,0.0958844,4.773,1.1667,0.726
2268,0.0959501,4.8381,1.1907,0.712
934,0.0707816,4.8989,1.1761,0.728
943,0.067632,4.9,1.2187,0.727
1099,0.067632,4.9638,1.1658,0.712
1156,0.0695746,4.9491,1.2553,0.72
899,0.0959501,4.7651,1.0716,0.716
968,0.111168,4.0788,0.9615,0.72
1615,0.104979,3.9897,0.9122,0.724
415,0.0519236,3.9904,0.9246,0.72
291,0.0519236,3.9956,0.8607,0.727
2086,0.0519236,3.9532,0.8989,0.714
125,0.0646623,3.8896,0.9104,0.716
1078,0.0650331,3.9773,0.9883,0.72
1599,0.0757011,3.999,0.7854,0.72
1601,0.0772074,3.9265,0.9753,0.728
68,0.0864648,4.0152,0.7706,0.725
1710,0.0736003,4.027,0.6982,0.731
2146,0.0736003,4.0841,0.7504,0.728
1305,0.0754458,3.9889,0.7,0.729
2211,0.0754458,3.9516,0.6674,0.714
385,0.0804536,4.1416,0.8061,0.72
1578,0.0648371,4.1685,0.7554,0.723
1756,0.0574725,4.1783,0.7808,0.718
1931,0.0533854,4.1833,0.7278,0.722
417,0.0533854,4.2308,0.7352,0.716
1335,0.06339,4.1943,0.6655,0.718
1138,0.06339,4.239,0.6422,0.721
1456,0.06339,4.141,0.6763,0.727
648,0.0648371,4.1425,0.8709,0.718
1160,0.0796327,4.2305,0.8401,0.728
472,0.0893954,3.9689,1.0773,0.72
1232,0.0920849,3.8611,0.6668,0.731
1337,0.0920849,3.8171,0.7218,0.72
714,0.0899167,3.8449,0.7559,0.727
108,0.0899167,3.8461,0.8067,0.714
2365,0.0937693,4.2054,0.9288,0.729
1609,0.100628,4.3167,0.7888,0.72
2295,0.100628,4.3485,0.6963,0.717
1278,0.0978594,4.3505,0.7615,0.723
1017,0.0978594,4.3844,0.6196,0.731
115,0.0998821,4.3025,0.5637,0.719
41,0.0998821,4.4593,0.6367,0.727
1221,0.0769314,4.4828,0.6774,0.716
1642,0.0769314,4.5047,0.5769,0.717
496,0.102863,4.5921,0.5612,0.723
458,0.0890014,4.5883,0.4802,0.712
883,0.0812489,4.6637,0.452,0.723
1387,0.0548839,4.622,0.4293,0.731
1294,0.0548839,4.6313,0.4307,0.727
2041,0.0548839,4.6927,0.4985,0.72
1041,0.0890014,4.6279,0.6217,0.718
1656,0.0917376,4.7545,0.4902,0.727
1737,0.0731563,4.7663,0.4373,0.712
1234,0.0731563,4.8022,0.5436,0.712
1538,0.108751,3.9642,0.5594,0.712
2082,0.0714863,3.9895,0.5635,0.712
215,0.0714863,4.0093,0.5463,0.73
832,0.0530236,4.0514,0.516,0.719
833,0.0369206,4.0483,0.504,0.731
2080,0.0362897,4.082,0.5165,0.726
617,0.0362897,4.0338,0.4742,0.718
995,0.0362897,4.0872,0.5217,0.712
2301,0.0714863,3.9507,0.4892,0.712
1758,0.098713,3.9564,0.3918,0.727
1076,0.106084,3.8471,0.512,0.713
744,0.106909,3.9439,0.2857,0.731
1820,0.106909,3.8815,0.3657,0.716
434,0.106909,4,0.2537,0.716
1976,0.110751,3.9362,1.1153,0.715
81,0.112198,4.8808,0.5141,0.729
1919,0.113071,5.0597,1.1062,0.718
1469,0.10786,5.0799,1.1664,0.715
1859,0.0810452,5.1319,1.1242,0.717
1009,0.0810452,5.1522,1.2028,0.719
383,0.0858473,5.0917,1.2635,0.724
1959,0.0982276,5.0485,1.3456,0.725
388,0.10786,4.9838,1.0298,0.712
287,0.10786,4.9873,1.001,0.718
1178,0.087772,4.994,0.9881,0.721
884,0.081144,4.9411,0.9267,0.725
356,0.0623625,4.9574,0.9162,0.712
1840,0.0524519,4.9527,0.8713,0.729
435,0.0524519,4.9946,0.8806,0.722
1271,0.0524519,5.0249,0.9032,0.721
580,0.0623625,4.8801,0.9369,0.717
1052,0.108188,4.7722,0.9442,0.72
898,0.113931,4.3839,2.1665,0.722
1163,0.0700687,4.4008,2.0985,0.722
860,0.0700687,4.4212,2.2165,0.729
754,0.0627715,4.4355,2.2379,0.719
45,0.0627715,4.4718,2.1869,0.722
101,0.0626712,4.4988,2.2389,0.727
1090,0.0700687,4.4015,2.1228,0.727
40,0.0473756,4.3966,2.0771,0.72
1691,0.0739682,4.5697,2.2182,0.723
565,0.0889842,4.4412,2.0001,0.72
1503,0.0810035,4.4925,2.0593,0.719
694,0.0666698,4.4931,2.0514,0.724
1135,0.0589949,4.5219,2,0.727
612,0.0589949,4.5219,2.0761,0.723
265,0.0590106,4.5809,2.0766,0.722
1144,0.0666698,4.5291,1.9539,0.722
1415,0.0810781,4.5997,2.0533,0.724
471,0.0853475,4.6489,2.1277,0.715
1212,0.0857879,4.4951,1.9114,0.72
770,0.0857879,4.6067,1.918,0.715
2138,0.0843013,4.6742,1.9668,0.728
1096,0.0499989,4.6359,1.9348,0.731
592,0.0499989,4.6609,1.9547,0.721
903,0.0499989,4.6754,2.0095,0.725
128,0.0896047,4.6946,1.8671,0.731
1669,0.0833003,4.753,1.9228,0.723
2177,0.0833003,4.6254,1.8248,0.712
881,0.0833003,4.7191,1.8399,0.72
2127,0.0887168,4.5855,1.8245,0.714
1557,0.0887168,4.5502,1.7779,0.716
2006,0.0887168,4.5157,1.767,0.725
478,0.0896136,4.8098,1.922,0.725
2304,0.0869095,4.8766,1.931,0.731
186,0.0752217,4.8673,1.8569,0.722
1348,0.0752217,4.8842,1.9751,0.714
166,0.0785026,4.8792,1.8527,0.726
132,0.0896495,4.6676,2.1306,0.721
507,0.092065,4.8758,2.0472,0.718
704,0.0726977,4.8521,2.0966,0.729
1684,0.0726977,4.8233,2.0937,0.722
1493,0.0566705,4.7803,2.1256,0.727
1465,0.0537736,4.7719,2.1168,0.716
917,0.0537736,4.7565,2.0897,0.713
1365,0.0514126,4.7763,2.0458,0.731
1905,0.0943815,4.8873,1.7592,0.716
2190,0.069966,4.8569,1.7584,0.72
288,0.069966,4.89,1.7278,0.715
584,0.046114,4.9265,1.7023,0.727
807,0.069966,4.9787,1.7248,0.718
473,0.0761829,4.9683,1.6404,0.712
1922,0.0847657,5.0351,1.589,0.721
1844,0.0682102,4.9875,1.6126,0.72
831,0.0682102,5.0598,1.5563,0.728
444,0.0682102,5.0907,1.5495,0.722
1462,0.0682102,5.1227,1.605,0.727
2071,0.0642593,5.1291,1.6093,0.726
2253,0.0642593,5.112,1.6286,0.712
62,0.0523015,5.0907,1.6762,0.716
1330,0.0852497,5.015,1.7787,0.716
610,0.0958907,4.8604,2.192,0.724
1986,0.0896866,4.8652,2.2812,0.716
1151,0.0785506,4.8409,2.2511,0.72
1623,0.0521388,4.8722,2.2322,0.722
1912,0.0521388,4.7903,2.2608,0.728
2064,0.101073,4.7603,1.7295,0.713
2223,0.0651199,4.7632,1.6741,0.712
2197,0.0651199,4.6968,1.7151,0.714
1410,0.0651199,4.7162,1.6922,0.713
325,0.0598589,4.6921,1.6395,0.728
2347,0.0770289,4.6296,1.6438,0.717
1835,0.0636061,4.6117,1.6257,0.72
1020,0.0636061,4.6068,1.6536,0.715
193,0.105608,4.6712,1.5368,0.715
1992,0.105608,4.7583,1.5328,0.716
792,0.0749005,4.718,1.4743,0.729
1896,0.0722172,4.7376,1.4331,0.724
566,0.0569843,4.7318,1.4321,0.728
2163,0.0551802,4.7296,1.377,0.73
726,0.0749005,4.8186,1.5625,0.715
975,0.0672252,4.8322,1.5206,0.716
810,0.0672252,4.8583,1.5176,0.73
1072,0.0901242,4.8527,1.4277,0.727
1467,0.106655,4.982,2.0512,0.727
984,0.106839,5.0594,1.7947,0.722
1366,0.113833,4.7253,2.3536,0.717
231,0.114119,4.3155,1.77,0.715
2154,0.114124,3.5758,1.192,0.723
853,0.114685,3.7403,0.4957,0.731
2205,0.114685,3.76,0.4374,0.712
1389,0.114685,3.6978,0.37,0.723
542,0.116691,3.7141,2.6277,0.723
491,0.0493338,3.7461,2.5918,0.712
2046,0.0493338,3.7138,2.6723,0.717
2275,0.0493338,3.7014,2.6738,0.724
1346,0.0720589,3.7859,2.6216,0.723
238,0.0977486,3.7861,2.5027,0.716
1952,0.0903545,3.8412,2.4664,0.718
1556,0.0660131,3.8727,2.4771,0.719
270,0.0660131,3.7899,2.4596,0.721
1732,0.10451,3.9418,2.3987,0.718
1924,0.106184,3.9637,2.5307,0.73
1226,0.11236,4.0663,2.486,0.72
2339,0.11236,4.0635,2.5276,0.716
481,0.100825,4.096,2.5862,0.712
1452,0.109042,4.205,2.5885,0.714
2095,0.109042,4.217,2.6249,0.714
1121,0.109042,4.2906,2.5947,0.723
966,0.0904628,4.3756,2.564,0.719
1961,0.0904628,4.3939,2.4876,0.712
2344,0.0647321,4.3592,2.4979,0.719
355,0.0502506,4.3567,2.4603,0.73
2267,0.0495291,4.3409,2.4511,0.719
960,0.0687387,4.3955,2.4037,0.726
109,0.0726426,4.4457,2.4337,0.716
2011,0.0598654,4.4874,2.4757,0.725
14,0.0505637,4.4978,2.4626,0.718
556,0.0371358,4.5296,2.4485,0.731
790,0.0371358,4.5162,2.483,0.729
2274,0.0634994,4.5358,2.5431,0.723
1544,0.0817843,4.318,2.3729,0.712
851,0.0817843,4.3226,2.3353,0.728
1382,0.0817843,4.2825,2.3612,0.721
113,0.0787771,4.2039,2.3595,0.716
1010,0.0921338,4.6198,2.4304,0.726
248,0.0921338,4.6263,2.4417,0.722
811,0.0793859,4.6861,2.4842,0.727
1244,0.0630172,4.6839,2.4961,0.717
1420,0.0630172,4.7153,2.5275,0.721
2237,0.0517175,4.7472,2.4878,0.712
1521,0.0517175,4.7174,2.5592,0.717
864,0.0630172,4.7846,2.4727,0.727
1373,0.0658264,4.7804,2.4311,0.716
861,0.0755387,4.7927,2.5644,0.714
1434,0.0767896,4.7338,2.6329,0.731
495,0.0767896,4.7706,2.6418,0.715
1085,0.0767896,4.7438,2.6489,0.731
203,0.0804995,4.8537,2.6133,0.724
788,0.102981,4.4405,2.6439,0.722
608,0.116357,4.7258,2.7637,0.725
1614,0.116787,3.7577,2.3475,0.715
2102,0.086044,3.7733,2.2636,0.726
1023,0.086044,3.7639,2.2823,0.715
2208,0.0654942,3.7502,2.3198,0.712
1034,0.116823,5.1431,1.8761,0.718
43,0.116823,5.132,1.9407,0.728
1581,0.0946905,5.1389,1.9425,0.716
2367,0.0946905,5.0388,1.9358,0.712
651,0.117048,4.3206,1.8048,0.72
1381,0.118244,4.5202,1.3734,0.727
1448,0.118408,5.0398,0.7712,0.719
665,0.108285,5.0114,0.6828,0.713
1075,0.108285,5.0341,0.7372,0.713
1946,0.108285,5.1455,0.7947,0.72
2090,0.118941,3.3323,1.7628,0.727
1766,0.119104,3.3928,1.542,0.727
2145,0.0592026,3.3691,1.4885,0.718
1527,0.0592026,3.4331,1.5153,0.726
1675,0.0592026,3.3652,1.4943,0.714
2196,0.0566221,3.3455,1.5013,0.72
1265,0.0804872,3.3157,1.4267,0.725
997,0.117747,3.3274,1.6395,0.718
311,0.119411,4.2669,0.45,0.727
1752,0.119679,4.8936,0.7039,0.712
1253,0.119679,4.8756,0.7198,0.722
216,0.119679,4.8596,0.7495,0.724
1842,0.120194,2.3065,1.3002,0.731
2060,0.120425,4.4903,1.5194,0.729
1661,0.0523579,4.4671,1.5591,0.716
916,0.0523579,4.4842,1.4964,0.722
463,0.0523579,4.5313,1.49,0.715
93,0.120942,4.9797,0.4909,0.716
345,0.102413,4.959,0.4225,0.718
102,0.102413,4.9942,0.4121,0.716
1311,0.121099,4.1512,0.4171,0.713
407,0.114012,4.2357,0.418,0.725
2113,0.0853529,4.1939,0.3532,0.731
1137,0.114012,4.0797,0.3283,0.714
141,0.121259,4.0245,2.328,0.713
621,0.121462,3.5896,1.0982,0.719
2282,0.106894,3.6425,1.0054,0.723
1754,0.106894,3.5721,1.0512,0.731
1793,0.106894,3.6854,1.0233,0.722
1606,0.118925,3.8043,1.0211,0.721
240,0.121709,0.373,1.1905,0.727
69,0.122413,2.1673,2.4747,0.72
733,0.122413,2.1831,2.585,0.712
447,0.122584,2.384,1.3539,0.726
2108,0.122788,3.3079,1.1654,0.718
2012,0.122788,3.2018,1.1932,0.73
1193,0.10208,3.2266,1.1966,0.714
1605,0.0932374,3.1824,1.2782,0.723
1086,0.0932374,3.1852,1.2923,0.712
950,0.123,5.0777,1.3855,0.717
1984,0.123082,4.5505,2.6651,0.716
871,0.0679726,4.5616,2.6662,0.73
1014,0.0664292,4.5642,2.698,0.719
73,0.0357644,4.5588,2.7322,0.723
107,0.119414,4.4554,2.7919,0.721
1489,0.123536,5.1633,0.7714,0.716
1050,0.123922,1.7993,2.193,0.716
1994,0.123922,1.8121,2.147,0.73
2326,0.123922,1.6846,2.2166,0.727
354,0.124599,4.9862,2.1067,0.712
506,0.0839534,5.0029,2.1872,0.729
1847,0.0839534,5.02,2.1757,0.723
1846,0.125131,1.9515,1.8815,0.731
551,0.125463,2.4538,2.8699,0.72
941,0.12606,3.5687,2.6906,0.72
1640,0.127088,3.6136,0.4878,0.725
2199,0.127088,3.6004,0.391,0.726
2303,0.0984513,3.5249,0.4539,0.72
1763,0.0984513,3.5434,0.3624,0.713
366,0.110774,3.4309,0.3956,0.726
2247,0.074613,3.4337,0.3862,0.718
1065,0.074613,3.4014,0.4634,0.716
47,0.074613,3.4037,0.3561,0.716
260,0.0489907,3.3558,0.3577,0.719
440,0.0522085,3.329,0.3405,0.718
1892,0.0522085,3.3346,0.4054,0.718
582,0.0936292,3.4235,0.5533,0.73
1320,0.0586289,3.3658,0.5635,0.728
372,0.0586289,3.4134,0.5744,0.715
1491,0.0505329,3.4181,0.5788,0.725
1129,0.107812,3.3788,0.2449,0.716
2317,0.112465,3.4105,0.2443,0.728
1037,0.112465,3.2664,0.2412,0.717
1345,0.107744,3.2268,0.2837,0.729
722,0.0593163,3.196,0.292,0.729
1762,0.0509939,3.1935,0.3207,0.719
669,0.0507729,3.1461,0.3213,0.723
12,0.0509939,3.1599,0.2574,0.719
239,0.0509939,3.133,0.2816,0.716
1876,0.0423875,3.1414,0.2453,0.724
791,0.104972,3.1678,0.424,0.724
206,0.112648,3.4875,0.1825,0.728
1927,0.0987331,3.5518,0.2164,0.715
1393,0.0738424,3.5816,0.1641,0.724
1772,0.0738424,3.5863,0.1901,0.714
873,0.0888541,3.6706,0.1635,0.723
1592,0.0890076,3.6587,0.2426,0.722
922,0.126901,3.1198,0.5412,0.716
866,0.0492737,3.1333,0.586,0.731
461,0.0491355,3.1099,0.5554,0.731
1488,0.0427175,3.1356,0.5877,0.72
1355,0.0591067,3.1915,0.6068,0.722
877,0.0680763,3.044,0.572,0.727
350,0.0680763,3.0546,0.5078,0.731
294,0.0680763,3.0501,0.509,0.716
253,0.0916979,2.9777,0.6342,0.715
1136,0.0985987,2.9026,0.6869,0.731
1321,0.0884391,2.9639,0.7317,0.72
1569,0.077507,2.8877,0.72,0.712
659,0.077507,2.9245,0.7736,0.712
1700,0.0659704,2.8752,0.8167,0.72
498,0.0757374,2.8849,0.8356,0.73
1829,0.0884391,2.8837,0.6024,0.713
2227,0.100068,2.9901,0.849,0.717
243,0.101485,2.881,0.9354,0.712
459,0.0859826,2.815,0.9905,0.713
880,0.0853475,2.8457,0.9875,0.728
2309,0.0649346,2.8996,0.9957,0.723
375,0.0621337,2.9456,1.0063,0.723
280,0.0567923,2.941,1.0415,0.73
583,0.0567923,2.9825,0.9637,0.716
2370,0.0853475,2.7417,1.0136,0.717
948,0.0823936,2.7716,1.0645,0.73
2166,0.0823936,2.6603,1.0012,0.72
1054,0.0651439,2.6311,1.0256,0.715
1228,0.0508532,2.6362,1.0026,0.715
2218,0.0500477,2.6085,0.9619,0.724
1555,0.0482436,2.6099,0.9597,0.722
1035,0.0482436,2.5866,1.0047,0.728
1533,0.0482436,2.5992,0.9407,0.716
1619,0.0402979,2.6106,0.9021,0.714
1597,0.0640979,2.6236,1.0883,0.726
906,0.0683669,2.5565,1.0752,0.726
246,0.0683669,2.6064,1.1382,0.717
1031,0.0711655,2.6819,1.1291,0.727
1869,0.0711655,2.6625,1.1551,0.724
39,0.0711655,2.7412,1.1323,0.712
317,0.0734677,2.5183,0.9778,0.725
1240,0.0734677,2.5154,0.9783,0.722
1437,0.0734677,2.4712,0.9537,0.726
1957,0.074034,2.5035,1.0512,0.727
1916,0.0764387,2.5538,0.8529,0.728
1235,0.0818637,2.5545,0.8133,0.727
930,0.0818637,2.4777,0.8241,0.719
513,0.0818637,2.4151,0.8691,0.728
988,0.0870607,2.3927,0.8057,0.715
1285,0.0870607,2.3136,0.7757,0.712
64,0.0891371,3.0388,0.9087,0.72
753,0.0827018,3.12,0.9241,0.717
516,0.0905793,2.9239,1.1304,0.727
2009,0.0629018,2.9589,1.1606,0.722
2174,0.0371787,2.9604,1.181,0.719
89,0.0300614,2.9744,1.1547,0.723
1507,0.0300614,2.9471,1.1955,0.727
1885,0.0688099,2.8783,1.1949,0.728
439,0.0697795,2.9105,1.2547,0.722
426,0.0955432,2.9942,1.3006,0.718
332,0.0966316,2.2594,0.8557,0.712
1672,0.0966316,2.2639,0.8141,0.712
616,0.101018,2.1656,0.7982,0.729
418,0.0904907,2.1604,0.8245,0.715
1061,0.0904907,2.1326,0.7148,0.717
2241,0.0904907,2.2054,0.7229,0.714
571,0.102638,2.1615,0.8995,0.713
535,0.102638,2.0773,0.9565,0.722
1650,0.102077,2.0536,0.8969,0.728
892,0.102077,2.0208,0.8773,0.716
1734,0.112907,3.033,0.3974,0.717
1573,0.113361,2.9465,0.3821,0.731
339,0.0706413,2.9051,0.349,0.72
237,0.0706413,2.8976,0.3764,0.724
1206,0.053995,2.8951,0.4303,0.726
1500,0.0774247,2.9343,0.4967,0.719
600,0.103594,2.8158,0.2965,0.719
1445,0.105253,2.7907,0.4379,0.715
54,0.107305,2.9162,0.2425,0.713
1964,0.114158,2.7838,0.2841,0.727
1165,0.114158,2.9571,0.1769,0.712
251,0.123656,2.7022,0.386,0.712
715,0.114031,2.6116,0.4536,0.727
118,0.105612,2.6435,0.4428,0.727
1981,0.0830476,2.5704,0.4037,0.724
49,0.092149,2.5085,0.4709,0.712
1036,0.127102,4.3132,0.312,0.716
1868,0.127179,1.3594,3.382,0.715
173,0.115633,1.2659,3.3873,0.713
2134,0.0692792,1.2988,3.3933,0.72
1971,0.061847,1.244,3.3887,0.718
1658,0.0643542,1.2383,3.3251,0.726
1541,0.127681,2.6552,2.9375,0.727
1141,0.125886,2.5588,3.0054,0.716
1879,0.125886,2.6534,3.0627,0.714
1953,0.127725,0.9729,2.1001,0.727
1439,0.127725,0.9164,2.0838,0.723
159,0.112237,0.9879,2.07,0.712
737,0.112237,0.8367,2.0048,0.721
946,0.127886,2.3072,0.4705,0.721
1216,0.100618,2.3712,0.5454,0.722
323,0.100618,2.3076,0.56,0.713
1440,0.0898577,2.2917,0.6279,0.727
1056,0.102392,2.4453,0.616,0.719
2061,0.127942,1.9964,2.9221,0.729
2131,0.127942,2.0125,2.7927,0.725
51,0.123063,2.0969,2.7163,0.718
1409,0.114058,2.0809,2.7104,0.724
1624,0.114058,2.1924,2.6822,0.725
1718,0.127942,2.0287,2.9202,0.714
1570,0.110147,2.1195,2.9256,0.714
161,0.0909602,2.1257,2.9723,0.717
2313,0.0909602,2.1735,2.8556,0.731
1887,0.098169,2.211,2.9774,0.722
2279,0.098169,2.2231,2.9844,0.715
82,0.117995,2.34,2.9855,0.731
2225,0.108275,2.3388,3.0446,0.714
1709,0.0688494,2.3223,3.0706,0.723
223,0.0688494,2.3883,3.0916,0.723
1627,0.108275,2.3611,2.8801,0.718
2054,0.12798,3.1444,0.9922,0.725
2322,0.119313,3.1481,1.0487,0.725
1312,0.119313,3.1086,1.1058,0.718
144,0.128288,4.6187,0.6866,0.728
727,0.128676,3.8891,2.6984,0.72
370,0.123253,3.8594,2.7939,0.714
1179,0.0904326,3.9435,2.7614,0.721
989,0.0839845,4.0268,2.7721,0.721
1292,0.0839845,4.0181,2.7581,0.722
1258,0.0839845,4.0105,2.8426,0.72
2362,0.0748856,4.0086,2.9061,0.712
1214,0.0633389,3.9517,2.8888,0.716
730,0.0633389,4.0421,2.9443,0.714
2352,0.0633389,3.9577,2.9411,0.726
1860,0.0732276,3.9578,3.0143,0.724
2030,0.0814501,4.0884,2.9413,0.72
954,0.0814501,3.9994,3.0134,0.72
1506,0.0817624,3.878,2.9591,0.723
604,0.0817624,3.8492,2.8857,0.727
1618,0.0817624,3.8266,2.9771,0.712
1586,0.0875843,4.1253,2.8811,0.712
2148,0.0904326,3.7982,2.7819,0.727
451,0.063706,3.8366,2.8098,0.715
1191,0.063706,3.7457,2.8058,0.717
1213,0.0910101,3.6971,2.8238,0.72
1810,0.0953399,3.7684,3.0084,0.727
94,0.104501,4.2109,2.9366,0.723
573,0.109662,3.7226,2.9284,0.718
127,0.122416,4.226,2.8115,0.713
607,0.0868952,4.2909,2.7552,0.726
2136,0.0868952,4.2534,2.762,0.717
2350,0.0567187,4.2022,2.7743,0.729
1806,0.122627,4.2503,2.9526,0.716
596,0.128946,1.5836,2.1939,0.726
595,0.0738232,1.5312,2.202,0.721
1185,0.0532575,1.5155,2.2224,0.726
1783,0.0532575,1.537,2.2237,0.721
994,0.120135,1.6485,2.0933,0.716
1001,0.128946,1.6118,1.9983,0.715
2130,0.129197,3.727,0.901,0.724
1598,0.129638,1.2176,2.8073,0.723
809,0.129947,1.1229,0.3242,0.731
431,0.130452,3.5665,2.7069,0.729
920,0.131414,2.3094,2.7415,0.717
1990,0.13144,0.7674,1.8934,0.729
1077,0.10145,0.7759,1.938,0.712
2029,0.10145,0.6664,1.8986,0.721
486,0.0964113,0.606,1.9703,0.718
526,0.0964113,0.6398,1.9812,0.73
1814,0.0964113,0.5911,1.8388,0.714
1861,0.10145,0.7681,1.7934,0.725
1247,0.131868,4.2282,0.2115,0.724
1433,0.132553,3.4064,1.0134,0.726
1104,0.0807549,3.3264,1.0028,0.729
1562,0.0807549,3.3268,1.0164,0.723
1189,0.0797128,3.3675,0.9823,0.724
1168,0.134072,4.925,0.293,0.725
1966,0.134072,4.907,0.2073,0.713
1359,0.0987778,4.8664,0.2087,0.716
155,0.0987778,4.9681,0.1301,0.721
1566,0.134205,4.5779,0.3028,0.723
1209,0.119736,4.6278,0.2926,0.723
895,0.119736,4.4587,0.3117,0.716
1826,0.117083,4.471,0.2333,0.728
678,0.0995383,4.4342,0.2368,0.727
837,0.0995383,4.5557,0.1811,0.731
2364,0.117083,4.4421,0.4276,0.716
2053,0.119736,4.6365,0.2339,0.728
1958,0.132847,4.7601,0.3024,0.716
1414,0.134639,1.8977,0.3382,0.712
336,0.134792,1.0812,0.3417,0.718
1801,0.13503,1.5903,3.6411,0.724
1068,0.135308,4.1102,0.1459,0.715
10,0.135308,4.1495,0.1922,0.712
475,0.135489,2.3738,1.6836,0.716
1584,0.135519,5.1269,0.3869,0.727
1428,0.135961,3.1462,1.4338,0.729
1457,0.136135,2.2814,1.5622,0.713
1867,0.136377,2.0747,3.5429,0.73
977,0.0877749,2.1161,3.4735,0.716
2186,0.0820142,2.13,3.5344,0.72
1291,0.0666558,2.1422,3.599,0.731
1654,0.0730948,2.119,3.4622,0.717
252,0.0734592,2.1754,3.6012,0.712
793,0.0734592,2.1966,3.6457,0.715
1417,0.0874102,2.2035,3.4871,0.721
1117,0.0881832,2.275,3.436,0.718
944,0.11123,2.101,3.3526,0.723
2329,0.11123,2.0569,3.3172,0.723
2023,0.103712,2.0725,3.2686,0.724
1187,0.0768536,2.0907,3.2194,0.73
1891,0.0768536,2.139,3.2304,0.719
2122,0.0768536,2.1755,3.2671,0.721
515,0.111007,2.2735,3.2152,0.716
628,0.135389,2.3687,3.3073,0.712
1501,0.129343,2.4917,3.3465,0.72
57,0.061471,2.4605,3.294,0.727
225,0.061471,2.4835,3.3571,0.722
2210,0.061471,2.5311,3.3694,0.729
1111,0.0769778,2.5667,3.4362,0.715
308,0.102625,2.4459,3.4524,0.728
763,0.115013,2.657,3.4593,0.726
1097,0.117133,2.7257,3.5534,0.716
1262,0.0755366,2.6848,3.574,0.724
165,0.0755366,2.7438,3.5953,0.72
2254,0.0628546,2.7681,3.6154,0.724
2022,0.0765315,2.7982,3.6857,0.727
2185,0.0844084,2.6033,3.5924,0.712
725,0.0844084,2.6419,3.6515,0.716
953,0.0745197,2.6546,3.6846,0.719
1338,0.0745197,2.5895,3.7044,0.713
925,0.0840212,2.5851,3.7883,0.712
369,0.0840212,2.6393,3.7971,0.716
1064,0.0840212,2.659,3.8004,0.721
279,0.0844084,2.5718,3.5806,0.723
541,0.0996316,2.885,3.6368,0.728
1595,0.0733092,2.8918,3.7088,0.716
275,0.0430794,2.8949,3.7203,0.727
1819,0.0318423,2.9202,3.7325,0.712
1908,0.0318423,2.8807,3.748,0.73
1298,0.0430794,2.8865,3.7768,0.712
1024,0.0525963,2.9591,3.6971,0.712
699,0.0640487,2.9775,3.7611,0.713
78,0.0666001,2.9892,3.6805,0.723
1620,0.0733092,2.9005,3.5713,0.723
1935,0.0668434,2.9359,3.628,0.723
841,0.0668434,2.8749,3.5559,0.723
625,0.0668434,2.9553,3.543,0.729
575,0.0748141,3.0454,3.6335,0.729
483,0.0816491,3.0207,3.5611,0.723
1042,0.0767324,3.0422,3.5366,0.717
743,0.0814691,3.091,3.4923,0.725
854,0.0392522,3.1172,3.5048,0.716
2294,0.0392522,3.0835,3.4658,0.716
605,0.0392522,3.0907,3.4531,0.727
685,0.0519278,3.1662,3.4891,0.723
1051,0.0720038,3.1812,3.4366,0.723
1059,0.054716,3.2342,3.4488,0.729
1444,0.054716,3.1714,3.4053,0.721
427,0.054716,3.2376,3.4807,0.727
1673,0.054716,3.2587,3.4269,0.724
647,0.0768121,3.2138,3.3438,0.73
1282,0.0946445,3.2459,3.2655,0.716
1726,0.0957699,3.0238,3.3846,0.729
709,0.0991567,3.3565,3.438,0.712
1582,0.0991567,3.3216,3.349,0.728
1128,0.0991567,3.4438,3.4321,0.727
702,0.10162,3.0645,3.3412,0.712
2151,0.101924,2.9382,3.4427,0.723
2245,0.0926743,2.8559,3.4002,0.72
2297,0.0348202,2.882,3.3777,0.715
540,0.0348202,2.8571,3.3921,0.718
982,0.0296742,2.8311,3.4055,0.723
20,0.0348202,2.9081,3.3687,0.721
2068,0.0686326,2.775,3.367,0.714
1343,0.0509143,2.7888,3.3357,0.72
433,0.0492347,2.7726,3.3163,0.718
1398,0.0462331,2.7479,3.3092,0.727
1995,0.0462331,2.7445,3.2796,0.717
441,0.0509143,2.7467,3.384,0.724
1304,0.0578083,2.6869,3.2844,0.716
313,0.0627124,2.6857,3.3092,0.719
2270,0.104496,3.2612,3.5819,0.716
732,0.1054,3.4624,3.4565,0.714
1943,0.1054,3.5305,3.4915,0.719
210,0.0868246,3.5952,3.4336,0.719
234,0.0868246,3.5919,3.5126,0.718
1954,0.0790752,3.6055,3.5507,0.729
470,0.0710714,3.6181,3.5932,0.724
48,0.0710714,3.543,3.584,0.723
959,0.080634,3.6912,3.6271,0.727
543,0.0868246,3.6078,3.4127,0.717
484,0.108112,3.7624,3.7084,0.73
1487,0.0559571,3.758,3.6556,0.712
6,0.0559571,3.8076,3.7263,0.715
1220,0.0459058,3.7793,3.7596,0.718
1087,0.0438039,3.7998,3.7694,0.712
112,0.0366189,3.8023,3.7718,0.712
1805,0.034555,3.8311,3.7699,0.731
802,0.0366189,3.8586,3.7858,0.716
990,0.0481735,3.8398,3.8169,0.725
124,0.0786323,3.7757,3.8624,0.723
2239,0.0950627,3.6896,3.8974,0.729
1324,0.07582,3.7174,3.9559,0.714
267,0.0664838,3.6708,3.9231,0.714
172,0.0586942,3.6798,3.9811,0.714
784,0.07582,3.6345,3.8461,0.72
967,0.0853386,3.5908,3.857,0.728
224,0.098735,3.5439,3.8843,0.729
1843,0.098735,3.5122,3.9752,0.713
514,0.101309,3.9597,3.7793,0.716
1547,0.0530306,3.9737,3.8221,0.724
1712,0.0530306,3.9842,3.7344,0.73
1159,0.0530306,3.9856,3.8095,0.727
328,0.0530306,4.0128,3.7431,0.717
334,0.0530306,3.9372,3.7198,0.726
2043,0.0516393,3.9471,3.6749,0.731
266,0.0325773,3.9277,3.6692,0.722
1403,0.0325773,3.9279,3.6557,0.713
179,0.0325773,3.9537,3.6447,0.726
742,0.0320469,3.9692,3.6173,0.72
1733,0.0390168,3.9863,3.6631,0.715
2319,0.0491432,4.0017,3.5867,0.729
534,0.0640725,3.9385,3.8753,0.718
2273,0.083525,3.8954,3.5783,0.723
574,0.0694164,3.9033,3.5094,0.726
1877,0.0664707,3.892,3.5736,0.713
1918,0.0664707,3.9186,3.5306,0.722
1301,0.0664707,3.9286,3.4547,0.714
2097,0.0886016,4.072,3.6407,0.713
799,0.0582724,4.0984,3.6484,0.728
645,0.0327416,4.116,3.6709,0.712
396,0.0327416,4.1263,3.6518,0.731
1182,0.0535537,4.1241,3.7238,0.714
1668,0.100278,4.2219,3.6229,0.722
1778,0.100278,4.174,3.5631,0.723
2334,0.100278,4.2667,3.6737,0.72
560,0.100505,4.043,3.496,0.716
806,0.081413,4.0369,3.4251,0.724
2167,0.0388886,4.0421,3.4628,0.716
363,0.0388886,4.0428,3.4158,0.73
933,0.0388886,4.0255,3.3958,0.727
717,0.0728263,4.1138,3.4502,0.714
123,0.06406,4.1197,3.4386,0.716
2281,0.0509707,4.1281,3.3925,0.73
667,0.0489058,4.1478,3.3965,0.722
1122,0.0489058,4.1488,3.3874,0.716
1956,0.0804508,4.096,3.3189,0.725
681,0.0804508,4.1341,3.2953,0.715
485,0.0788489,4.1637,3.2366,0.716
1824,0.066554,4.2118,3.2825,0.719
1192,0.066554,4.2118,3.214,0.729
1422,0.066554,4.2669,3.2709,0.729
1105,0.0634982,4.2428,3.3291,0.721
1383,0.0605551,4.2544,3.3885,0.723
1809,0.0605551,4.2608,3.3784,0.727
1157,0.0634982,4.2763,3.2265,0.726
599,0.0570901,4.3206,3.2334,0.718
1158,0.0570901,4.3218,3.1935,0.716
825,0.0570901,4.3049,3.1458,0.715
926,0.0651396,4.3834,3.1727,0.72
1983,0.0782951,4.298,3.1161,0.727
1223,0.0782951,4.2416,3.1019,0.729
346,0.0804508,4.0302,3.2807,0.729
1821,0.0831313,4.403,3.1594,0.717
829,0.0853374,4.0783,3.2325,0.73
581,0.0994378,4.5007,3.141,0.715
117,0.0818528,4.5218,3.1212,0.712
663,0.0622504,4.5397,3.1174,0.721
98,0.0459779,4.581,3.1319,0.728
671,0.058612,4.5896,3.088,0.712
2033,0.0670101,4.6051,3.0233,0.72
1951,0.0812094,4.6526,3.039,0.727
1989,0.0896925,4.5449,2.957,0.725
1823,0.0896925,4.4959,3.0006,0.715
868,0.0896925,4.5003,2.9447,0.712
1008,0.0976276,4.7412,2.9986,0.72
1028,0.0813151,4.7281,2.9655,0.731
1652,0.0813151,4.686,2.9389,0.719
2257,0.0813151,4.777,3.0522,0.729
915,0.0650815,4.7578,3.0919,0.716
1663,0.0520392,4.807,3.1081,0.721
548,0.0520392,4.7975,3.119,0.73
220,0.0520392,4.8461,3.103,0.712
1392,0.0573269,4.8738,3.1527,0.719
400,0.0519669,4.8307,3.1813,0.714
983,0.0355217,4.8443,3.2141,0.715
1836,0.0355217,4.8334,3.2118,0.722
718,0.0316473,4.8248,3.2055,0.713
761,0.0466176,4.8263,3.2577,0.718
2224,0.0506875,4.7774,3.2447,0.715
1374,0.0432899,4.7344,3.2487,0.718
1283,0.0354834,4.768,3.239,0.712
2266,0.0354834,4.7065,3.2337,0.715
1406,0.0354834,4.7015,3.2491,0.714
1436,0.0354834,4.7698,3.2381,0.724
1130,0.0505786,4.7752,3.1879,0.721
1755,0.0519669,4.9088,3.1828,0.717
1370,0.0462065,4.8956,3.2186,0.723
1047,0.0462065,4.9374,3.178,0.73
389,0.0417798,4.9561,3.1606,0.716
2272,0.0366304,4.9434,3.1368,0.725
862,0.0284381,4.9354,3.1235,0.714
184,0.0284381,4.9191,3.1341,0.723
1045,0.0366304,4.9893,3.1672,0.73
842,0.0366304,4.9946,3.1986,0.716
2062,0.0366304,5.012,3.1533,0.719
1372,0.0288013,5.0373,3.1487,0.719
1367,0.0257148,5.038,3.1549,0.715
1897,0.0257148,5.0541,3.1647,0.725
1534,0.037426,4.9325,3.0862,0.715
626,0.0378339,4.9763,3.1188,0.72
1685,0.0378339,4.9761,3.1069,0.731
2172,0.0378339,4.9937,3.1036,0.729
1727,0.0318184,5.0135,3.083,0.715
381,0.0318184,5.0362,3.1023,0.716
1219,0.0298123,5.0366,3.083,0.722
424,0.0241372,5.0443,3.0912,0.714
384,0.0255862,5.0567,3.0672,0.723
1894,0.0284741,5.0581,3.0441,0.716
1979,0.0241778,5.058,3.0345,0.72
302,0.0241778,5.0443,3.0265,0.72
766,0.0227202,5.0308,3.0344,0.718
745,0.0345847,5.041,2.9926,0.714
142,0.0348009,5.0861,3.0152,0.727
1858,0.0348009,5.0835,2.9888,0.724
774,0.0348009,5.0968,2.9843,0.72
937,0.0334409,5.1239,2.976,0.715
497,0.0354173,5.1032,2.9477,0.72
1349,0.0327332,5.1087,2.9415,0.723
1327,0.0320843,5.0798,2.9276,0.724
624,0.0311057,5.0747,2.9316,0.72
2044,0.0311057,5.0866,2.9145,0.716
707,0.0240277,5.1073,2.9023,0.716
1245,0.0320843,5.1364,2.9525,0.723
1385,0.027794,5.1515,2.9493,0.716
1150,0.027794,5.1561,2.9373,0.713
769,0.0361962,5.092,3.0675,0.731
1948,0.0395541,4.9506,3.0796,0.718
88,0.0408025,5.008,3.0024,0.729
1648,0.0375505,4.9893,2.9916,0.723
778,0.0375505,4.9749,2.9861,0.723
1904,0.0373806,4.9426,2.9758,0.715
518,0.0348336,4.9334,2.9508,0.716
987,0.0266578,4.9202,2.9631,0.727
1295,0.0266578,4.9476,2.9363,0.723
110,0.0355344,4.9267,2.908,0.728
149,0.0355344,4.9597,2.9134,0.722
348,0.0376628,4.8881,2.9828,0.727
1176,0.0376718,4.9368,2.8726,0.72
1939,0.0417798,4.9519,3.2153,0.718
1231,0.0348476,4.9436,3.2392,0.716
1632,0.0253791,4.946,3.2299,0.717
2331,0.0245649,4.961,3.2487,0.722
2007,0.0418732,4.9889,3.039,0.722
1781,0.0422164,4.9765,3.0475,0.727
1019,0.0455831,5.0355,3.2165,0.722
1277,0.0450471,5.0314,3.2252,0.712
1967,0.0379276,5.0181,3.2404,0.718
70,0.0298325,5.0214,3.2609,0.72
1004,0.0359855,5.0043,3.2762,0.723
1362,0.0273218,5.0028,3.2909,0.713
938,0.0194313,4.9931,3.3016,0.726
2351,0.0194313,5.0034,3.3076,0.718
379,0.0210933,5.02,3.2982,0.727
75,0.0217838,5.0152,3.3249,0.712
53,0.0234354,4.9792,3.3176,0.716
2226,0.0428995,4.9438,3.3415,0.712
1849,0.0434839,4.9803,3.3646,0.717
1982,0.0434839,4.9324,3.3579,0.723
86,0.0343147,4.9076,3.3638,0.723
2366,0.0325278,4.9132,3.3857,0.729
1145,0.0282445,4.9235,3.3913,0.73
1046,0.0282445,4.8992,3.4081,0.719
1310,0.0282445,4.8789,3.3954,0.722
1551,0.0241324,4.8752,3.3963,0.726
675,0.0241324,4.8763,3.3745,0.716
1834,0.0336539,4.872,3.3442,0.73
1318,0.0459262,5.0869,3.1353,0.712
893,0.0472041,5.0671,3.2991,0.73
909,0.0491386,5.1095,3.1707,0.717
1716,0.0422956,5.1209,3.189,0.72
1866,0.0230455,5.1106,3.208,0.728
2152,0.0230455,5.1298,3.2096,0.715
1872,0.0319851,5.104,3.2373,0.717
1851,0.0491386,5.1343,3.1225,0.714
2276,0.0493428,4.882,3.0048,0.727
962,0.0395457,4.8785,3.0312,0.727
315,0.0395457,4.8436,3.0121,0.721
606,0.0507345,5.0031,2.9396,0.72
1313,0.0145987,5.0115,2.9444,0.73
1545,0.0145987,5.0095,2.9292,0.712
834,0.0145987,5.0096,2.9356,0.722
2077,0.0558482,4.6511,3.2724,0.72
1394,0.0603964,5.1035,3.3067,0.72
1799,0.0610548,4.8618,2.9277,0.727
1073,0.0633235,5.0541,2.8603,0.72
1032,0.0649936,5.0772,3.366,0.724
423,0.0639802,5.0856,3.4293,0.72
2135,0.0400397,5.0482,3.419,0.726
1729,0.0400397,5.125,3.4234,0.716
2192,0.0400397,5.0727,3.4362,0.713
1246,0.0527963,5.0398,3.476,0.724
2233,0.0539271,5.0999,3.3768,0.725
2353,0.0576505,5.0167,3.4902,0.712
1474,0.0640276,4.9785,3.5031,0.712
2089,0.0403192,4.959,3.5175,0.717
138,0.0247508,4.9565,3.5346,0.715
2260,0.0247508,4.9391,3.5149,0.727
1911,0.0282355,4.9426,3.4916,0.727
200,0.0282355,4.9161,3.5234,0.713
1988,0.028894,4.9576,3.5619,0.72
197,0.0322455,4.9327,3.4749,0.728
156,0.031945,4.9105,3.4832,0.714
21,0.0293377,4.9048,3.5063,0.713
1033,0.0293377,4.8866,3.4825,0.731
479,0.0194917,4.8834,3.4773,0.724
1580,0.0194917,4.8719,3.4953,0.731
1446,0.0194917,4.8747,3.4691,0.727
1455,0.031945,4.9582,3.4617,0.714
1621,0.0617381,4.8109,3.4984,0.722
1502,0.0649936,5.1446,3.3025,0.73
2263,0.0652921,5.1155,3.4875,0.724
2202,0.0669604,5.0236,3.5732,0.72
1030,0.0669604,5.0561,3.5603,0.729
782,0.0467531,5.0672,3.5865,0.731
67,0.0467531,5.1,3.5661,0.714
1550,0.0551207,5.0764,3.6407,0.727
1302,0.0367673,5.0895,3.6347,0.712
177,0.0229869,5.1079,3.6291,0.712
2036,0.0229869,5.0849,3.6515,0.727
2104,0.0472093,5.0943,3.6959,0.714
1429,0.0677449,5.1153,3.7603,0.713
226,0.0678313,4.8429,2.9089,0.721
1066,0.0682508,4.5958,3.3122,0.716
59,0.0682508,4.5564,3.2613,0.724
2307,0.068053,4.536,3.3261,0.728
300,0.0625561,4.5029,3.3178,0.716
1516,0.0625561,4.5123,3.3568,0.726
351,0.0627914,4.4518,3.3661,0.712
1142,0.0489595,4.4245,3.3346,0.713
1154,0.0290063,4.4152,3.3413,0.721
1593,0.022015,4.4056,3.3542,0.723
2369,0.022015,4.4006,3.3256,0.716
293,0.0417366,4.3718,3.3785,0.726
1817,0.0628501,4.5265,3.4175,0.718
249,0.0628501,4.5561,3.4253,0.715
1015,0.0628501,4.5863,3.4104,0.725
1425,0.068053,4.5888,3.2406,0.72
283,0.070384,4.7815,3.4511,0.728
1960,0.0716924,5.1611,3.0545,0.717
757,0.074044,4.6575,3.3907,0.73
755,0.074044,4.7011,3.3316,0.721
1563,0.0673605,4.6771,3.3453,0.716
2085,0.0673605,4.7521,3.3388,0.726
50,0.0673605,4.7673,3.3402,0.712
460,0.0768466,5.1144,3.8011,0.722
430,0.0622728,5.133,3.8453,0.724
1062,0.0520341,5.0827,3.8541,0.714
1932,0.0338904,5.0922,3.8658,0.716
1477,0.0236008,5.0893,3.8851,0.726
957,0.0236008,5.0694,3.8704,0.712
748,0.045504,5.0555,3.9155,0.728
169,0.0498318,5.0695,3.9611,0.717
656,0.052248,5.101,3.9575,0.724
2343,0.0453352,5.1214,3.9656,0.713
1116,0.0453352,5.1461,3.954,0.727
37,0.0554349,5.0177,3.9802,0.712
1225,0.0554349,5.018,4.0042,0.723
640,0.0554349,5.0299,4.0257,0.713
1850,0.0768466,5.1911,3.7729,0.714
2078,0.0775744,5.1816,3.279,0.73
1803,0.0790255,5.1522,2.8373,0.714
2310,0.0822834,4.4758,3.4823,0.717
1511,0.0822834,4.5339,3.5063,0.717
749,0.0822834,4.4069,3.5128,0.716
46,0.0827897,4.9327,2.7903,0.728
91,0.0878639,4.4585,3.5828,0.716
2088,0.0339801,4.4849,3.584,0.716
1682,0.0339801,4.4894,3.5956,0.722
835,0.0339801,4.4576,3.6133,0.718
310,0.0394233,4.4212,3.5994,0.712
180,0.0729189,4.4774,3.6829,0.727
532,0.0729189,4.4885,3.7067,0.727
1307,0.0729189,4.5221,3.7179,0.716
1180,0.0752064,4.587,3.6799,0.716
1913,0.0752064,4.5761,3.6128,0.712
964,0.0752064,4.5856,3.6081,0.721
284,0.0779087,4.5537,3.789,0.72
559,0.094337,4.9514,3.6559,0.715
1447,0.0949277,4.7089,3.4902,0.725
2215,0.0970729,5.1755,4.0462,0.713
318,0.0977812,5.1202,4.0961,0.723
1203,0.0751537,5.0632,4.1201,0.713
1714,0.0699559,5.0056,4.1563,0.717
879,0.0681484,5.011,4.1651,0.725
244,0.0681484,4.9603,4.1824,0.722
738,0.0691504,4.8994,4.1504,0.715
272,0.0675723,4.9003,4.2179,0.718
1094,0.0431073,4.8862,4.1812,0.729
652,0.0408251,4.8834,4.1787,0.712
664,0.0431073,4.9013,4.2264,0.728
1973,0.0723726,5.1148,4.1706,0.718
1329,0.0834273,4.9491,4.0834,0.716
340,0.0870765,4.941,4.3039,0.728
2321,0.0801278,4.883,4.3423,0.716
2018,0.0801278,5.0197,4.3115,0.715
1227,0.0636434,5.0161,4.3509,0.713
680,0.0636434,5.0626,4.2976,0.726
972,0.0636434,5.0495,4.3677,0.717
746,0.0536259,5.0948,4.3565,0.715
1057,0.0536259,5.1008,4.3825,0.722
570,0.0468594,5.1374,4.41,0.712
145,0.0468594,5.1224,4.4222,0.72
1530,0.0549542,5.1519,4.3576,0.72
1863,0.0565124,5.1382,4.3212,0.723
1331,0.0614808,5.0538,4.4289,0.713
1910,0.0704701,4.947,4.3644,0.716
214,0.0992008,5.2423,4.3984,0.718
1645,0.101029,4.2091,3.5028,0.715
105,0.101268,4.8635,3.6091,0.725
1358,0.100083,4.8047,3.6523,0.722
2290,0.0613468,4.7768,3.6275,0.722
1237,0.0613468,4.8255,3.7097,0.728
304,0.0613468,4.7534,3.6351,0.712
1703,0.0613468,4.8327,3.7658,0.727
1404,0.0565688,4.8785,3.734,0.718
58,0.0564792,4.882,3.7835,0.722
1529,0.0526194,4.9108,3.7491,0.725
649,0.101491,4.2934,3.7647,0.712
1478,0.0748009,4.3051,3.8245,0.722
2111,0.0617491,4.2935,3.7986,0.73
776,0.0435722,4.3028,3.8388,0.716
1760,0.0840637,4.213,3.8148,0.712
940,0.0857503,4.3606,3.7122,0.721
2165,0.0878445,4.3486,3.9137,0.713
1386,0.0937457,4.3695,3.7107,0.721
2213,0.0975187,4.3965,3.8649,0.723
1333,0.099555,4.2154,3.9136,0.724
1525,0.102373,4.6997,3.5169,0.727
1683,0.10523,4.6123,3.8245,0.716
688,0.110017,3.4381,3.8542,0.727
2047,0.0607613,3.3851,3.864,0.723
1713,0.0607613,3.444,3.7938,0.73
804,0.0607613,3.4143,3.8513,0.73
1181,0.0647173,3.4369,3.741,0.72
90,0.110071,2.6865,3.9066,0.712
1969,0.110071,2.6534,3.9868,0.712
905,0.0867999,2.6987,3.9828,0.717
587,0.0867999,2.5806,4.0339,0.716
202,0.0939113,2.6631,4.0793,0.725
2084,0.0945961,2.7483,4.0776,0.728
131,0.10451,2.7933,4.1583,0.713
468,0.10451,2.7645,4.1796,0.712
1276,0.10451,2.752,4.2728,0.722
815,0.0970105,2.7801,4.3283,0.724
1853,0.0798734,2.77,4.3676,0.712
1997,0.0798734,2.7266,4.3876,0.725
2280,0.0760447,2.7175,4.46,0.73
856,0.0760447,2.6904,4.4532,0.712
1628,0.0871195,2.8016,4.4799,0.719
1871,0.0871195,2.8832,4.503,0.719
368,0.0871195,2.8465,4.4278,0.723
1300,0.094732,2.8747,4.3333,0.724
1022,0.11234,3.0898,3.7611,0.716
2231,0.113343,3.258,3.2217,0.716
377,0.115316,4.2375,3.95,0.718
567,0.119508,2.994,4.3391,0.72
2040,0.119508,3.0895,4.3203,0.717
1069,0.119508,3.0952,4.3135,0.725
848,0.114024,3.2046,4.2815,0.728
1671,0.119644,3.2875,3.1061,0.725
2160,0.119644,3.3647,3.2014,0.716
129,0.108614,3.3814,3.1049,0.712
924,0.0980162,3.4167,3.1398,0.712
2345,0.114461,3.491,3.0531,0.72
170,0.114461,3.5587,3.1071,0.722
409,0.0866216,3.56,3.0586,0.714
2121,0.0866216,3.6068,3.1704,0.719
154,0.119704,3.8031,3.4441,0.721
1917,0.120507,5.1504,4.5392,0.727
455,0.121303,3.7099,3.1955,0.723
65,0.106187,3.7491,3.2633,0.712
1238,0.106187,3.8073,3.1816,0.712
176,0.121961,3.1767,4.2008,0.724
373,0.100143,3.1642,4.1155,0.726
1740,0.0977185,3.1252,4.1152,0.731
1568,0.0977185,3.0775,4.1603,0.731
100,0.112699,3.0418,4.0409,0.716
454,0.115061,2.9701,4.1208,0.719
1664,0.115921,3.2543,4.0429,0.719
509,0.0849421,3.2293,3.9708,0.722
228,0.0606469,3.2388,3.9596,0.713
1767,0.0606469,3.2732,3.9831,0.724
76,0.0606469,3.1816,3.9334,0.72
1399,0.0606469,3.1686,3.9843,0.72
147,0.0606469,3.1827,3.9257,0.723
1921,0.0911845,3.3626,4.0006,0.72
1340,0.112744,3.2902,4.1491,0.731
2075,0.112744,3.3736,4.175,0.724
870,0.0759699,3.3335,4.1753,0.712
2147,0.0759699,3.4328,4.1274,0.725
814,0.0759699,3.4198,4.2297,0.718
752,0.0870843,3.4823,4.1986,0.717
936,0.0870843,3.5149,4.104,0.727
500,0.0657907,3.5165,4.0851,0.727
1535,0.0653793,3.5564,4.1279,0.726
2315,0.0585222,3.5804,4.0986,0.724
1742,0.0619952,3.594,4.0787,0.729
760,0.0624681,3.6322,4.1335,0.723
2014,0.0630138,3.6317,4.1338,0.714
299,0.0881498,3.3872,4.3116,0.718
823,0.122293,3.5317,3.3171,0.712
797,0.0561965,3.5238,3.3221,0.723
914,0.0513495,3.4771,3.3038,0.712
1694,0.0513495,3.4896,3.2882,0.731
17,0.122497,2.9978,3.8818,0.718
1558,0.124831,4.7638,4.3069,0.727
1196,0.125265,3.9412,4.0005,0.721
1542,0.102357,3.8521,4.0167,0.724
2305,0.0906105,3.8525,4.0511,0.714
2024,0.0906105,3.8565,4.1003,0.713
1280,0.0991112,3.953,4.0779,0.716
2216,0.120649,4.0575,4.1379,0.722
2269,0.102369,4.0411,4.1888,0.716
1208,0.0872209,3.9757,4.2465,0.717
2129,0.0872209,4.03,4.2013,0.718
1949,0.0872209,3.9098,4.2084,0.722
1524,0.0993601,4.14,4.1983,0.717
2073,0.0904998,4.149,4.1956,0.73
557,0.0904998,4.1134,4.2841,0.728
153,0.0904998,4.2108,4.1805,0.712
1915,0.0954129,4.1133,4.3149,0.713
986,0.116177,4.1153,4.0373,0.716
191,0.117974,4.3044,4.2522,0.716
217,0.125929,4.09,3.9064,0.715
360,0.126141,3.739,3.4334,0.723
1775,0.126367,3.1075,3.7431,0.719
1257,0.126477,3.4697,4.3459,0.72
1827,0.126477,3.5035,4.3881,0.727
768,0.127908,2.8625,4.6289,0.728
1881,0.127908,2.9044,4.6672,0.722
1021,0.1028,2.9907,4.6558,0.716
232,0.0869223,2.9949,4.6191,0.714
2355,0.0869223,3.0494,4.5917,0.717
1421,0.0869223,3.0405,4.6941,0.716
529,0.0869223,3.1039,4.5858,0.728
2013,0.0877971,3.0145,4.7693,0.724
1426,0.107013,2.9869,4.7867,0.718
168,0.107013,2.9095,4.8008,0.723
1697,0.112441,2.7954,4.6405,0.715
1782,0.11581,3.1501,4.7313,0.712
2065,0.0936816,3.2421,4.7238,0.728
1548,0.0651706,3.1948,4.7521,0.716
889,0.0559903,3.2108,4.7804,0.72
2016,0.0559903,3.2506,4.7556,0.719
2187,0.0675559,3.3106,4.7865,0.716
682,0.0951843,3.4003,4.8151,0.73
312,0.100031,3.3502,4.889,0.716
1965,0.0995794,3.3754,4.9119,0.726
1514,0.0995794,3.4432,4.9239,0.723
116,0.125635,2.9362,4.9235,0.727
629,0.13032,3.5431,4.512,0.719
2066,0.049443,3.5076,4.5464,0.72
1583,0.049443,3.5614,4.5209,0.718
175,0.049443,3.5864,4.5132,0.718
1616,0.0595709,3.4835,4.5821,0.727
1043,0.0457976,3.4804,4.6069,0.716
1118,0.0457976,3.4675,4.625,0.726
436,0.0675775,3.4172,4.5769,0.715
1798,0.0675775,3.413,4.5348,0.715
505,0.0675775,3.3776,4.6137,0.72
1303,0.05429,3.3539,4.6358,0.731
931,0.05429,3.3303,4.6155,0.719
1622,0.0698161,3.5473,4.6256,0.723
661,0.129406,3.7154,4.5034,0.715
1379,0.0974305,3.7399,4.4091,0.715
564,0.0974305,3.7528,4.4911,0.73
261,0.0843527,3.7162,4.5243,0.729
2099,0.0952382,3.6936,4.6159,0.716
359,0.0967147,3.7858,4.6416,0.722
2338,0.0967147,3.6712,4.7099,0.712
1589,0.0974305,3.7074,4.3215,0.712
1837,0.0934829,3.6375,4.3423,0.728
276,0.0746636,3.6369,4.3898,0.721
910,0.0746636,3.6017,4.3478,0.721
844,0.0775064,3.6592,4.2679,0.727
268,0.0975479,3.8184,4.5643,0.714
72,0.0975479,3.7244,4.7174,0.722
1205,0.125061,3.7656,4.2023,0.731
1204,0.126776,3.8797,4.7264,0.73
510,0.126776,3.9496,4.7225,0.715
502,0.112718,3.9192,4.831,0.718
1431,0.106126,3.8583,4.8763,0.715
643,0.0759598,3.8915,4.921,0.73
31,0.0759598,3.8302,4.905,0.722
222,0.10529,3.9953,4.9048,0.723
1728,0.106126,4.0221,4.9145,0.723
1812,0.112718,4.0005,4.6447,0.716
695,0.124603,4.0253,4.5977,0.722
1565,0.116218,4.1243,4.6585,0.719
817,0.075287,4.1609,4.6207,0.713
1893,0.0561987,4.1964,4.6372,0.723
1464,0.0561987,4.1581,4.6745,0.729
452,0.0636982,4.2341,4.5861,0.718
1098,0.0748609,4.3076,4.5994,0.723
2220,0.0748609,4.2772,4.529,0.712
390,0.0774683,4.3322,4.5277,0.719
1963,0.0730102,4.3913,4.4962,0.725
1753,0.0730102,4.3954,4.4912,0.721
2158,0.0808283,4.4658,4.5309,0.72
1201,0.0823364,4.5073,4.4625,0.722
1166,0.0947882,4.1691,4.7686,0.726
2200,0.0986892,4.4647,4.4158,0.727
828,0.0986892,4.5836,4.4003,0.729
2025,0.103536,4.3698,4.375,0.72
1929,0.113773,4.2767,4.7177,0.727
1890,0.116218,4.0209,4.5039,0.712
406,0.100374,4.1092,4.4899,0.731
1985,0.100374,3.9698,4.4176,0.716
2118,0.112177,3.8795,4.3518,0.726
361,0.112177,3.9152,4.4051,0.718
1630,0.119923,4.6092,4.3483,0.725
7,0.13063,3.2225,4.915,0.725
1029,0.131272,4.7141,4.3893,0.72
29,0.132092,2.9055,4.0056,0.717
2219,0.132215,2.5198,3.1761,0.719
668,0.133594,4.3544,2.995,0.728
342,0.135745,4.9282,4.4983,0.728
771,0.136547,2.5123,1.2371,0.714
1326,0.13702,1.0504,1.9494,0.73
1938,0.137109,0.7855,1.322,0.731
457,0.137498,2.3996,1.5192,0.725
1811,0.137643,4.5062,4.257,0.726
1750,0.137643,4.482,4.2396,0.712
1934,0.137643,4.4995,4.2355,0.721
1107,0.138164,2.6949,1.3604,0.712
1184,0.138413,3.6067,4.8323,0.716
1975,0.138656,2.5106,3.1569,0.725
1357,0.139507,3.0299,3.2065,0.723
545,0.0755443,3.0936,3.166,0.72
1937,0.0755443,2.992,3.2015,0.716
1016,0.0755443,2.9875,3.196,0.727
499,0.0934218,2.9003,3.1651,0.714
2333,0.0782593,2.9429,3.1074,0.714
859,0.0717221,2.8944,3.134,0.716
1706,0.0553518,2.8674,3.0948,0.724
2020,0.0717221,2.9608,3.0668,0.717
981,0.139673,3.6289,0.8019,0.716
292,0.065066,3.641,0.7869,0.726
1666,0.065066,3.6434,0.7742,0.715
993,0.065066,3.5793,0.7598,0.715
1423,0.0656976,3.5672,0.7063,0.723
185,0.0880411,3.5575,0.8534,0.717
781,0.0961259,3.5431,0.8746,0.714
795,0.102376,3.5631,0.6288,0.725
482,0.104818,3.6389,0.6299,0.72
148,0.104818,3.6706,0.6252,0.73
908,0.140358,0.965,1.5731,0.717
2349,0.140358,0.8909,1.5361,0.719
786,0.140358,0.9764,1.7114,0.722
2194,0.141076,2.4353,1.6589,0.713
2323,0.141484,0.795,1.5597,0.716
298,0.142326,1.8595,2.0273,0.712
1745,0.143201,0.3221,0.9687,0.728
544,0.143201,0.2695,1.014,0.72
1172,0.143201,0.2031,0.968,0.722
476,0.144367,0.6638,1.23,0.727
1270,0.144367,0.6503,1.2466,0.723
181,0.144367,0.5579,1.3124,0.714
1993,0.14446,2.3321,3.5529,0.72
1288,0.144561,2.5145,1.5383,0.722
723,0.144874,0.849,1.7744,0.716
1528,0.145766,2.4478,1.3351,0.723
87,0.14595,3.2447,0.8485,0.723
1195,0.14595,3.2296,0.7677,0.727
1334,0.14595,3.2738,0.7599,0.723
1679,0.146281,4.2019,4.9111,0.73
623,0.146823,2.5031,3.9086,0.731
569,0.147771,2.7401,0.7129,0.712
1308,0.148092,2.47,3.9078,0.726
1738,0.148768,1.9446,3.0612,0.719
1486,0.150892,2.3596,3.7011,0.727
465,0.150904,0.8826,2.4968,0.721
1999,0.150981,1.4909,2.0565,0.72
402,0.151151,0.3034,0.8015,0.726
935,0.151465,1.7518,1.9211,0.72
2002,0.1519,4.7139,4.5412,0.72
1044,0.0786976,4.6901,4.551,0.726
135,0.0744298,4.6423,4.5738,0.718
352,0.0744298,4.7492,4.5962,0.724
1629,0.101011,4.7339,4.6958,0.731
2063,0.151362,4.6735,4.757,0.726
1482,0.151956,2.3731,2.4806,0.712
1807,0.152721,0.4559,1.9422,0.716
1449,0.14313,0.3384,1.9923,0.727
83,0.14313,0.3955,1.8125,0.712
759,0.106502,0.3741,1.8396,0.729
405,0.106502,0.4179,1.7244,0.718
2264,0.106502,0.309,1.7504,0.714
1554,0.112794,0.2574,1.6506,0.724
1914,0.116329,0.2024,1.7968,0.718
2286,0.116329,0.1833,1.7689,0.723
2149,0.116329,0.175,1.8424,0.723
1724,0.126686,0.5374,1.6844,0.731
1071,0.131573,0.3327,1.6221,0.731
1607,0.153027,1.7145,0.3788,0.716
1790,0.153027,1.7195,0.32,0.719
633,0.153027,1.8298,0.3507,0.721
762,0.153482,2.3411,2.4971,0.723
741,0.154204,1.1204,3.2267,0.712
1222,0.100341,1.1005,3.2471,0.731
1251,0.0847056,1.0204,3.2223,0.719
1612,0.0523687,1.0587,3.2321,0.728
1926,0.0523687,0.9966,3.2433,0.716
95,0.0523687,0.9762,3.2495,0.712
229,0.0931492,0.8899,3.2842,0.717
219,0.106227,0.9916,3.3546,0.713
335,0.116538,0.8965,3.1645,0.714
404,0.116538,0.8904,3.1658,0.725
1515,0.116538,0.8266,3.1189,0.726
555,0.136675,0.897,3.4532,0.716
654,0.134965,0.7957,3.4648,0.731
780,0.134965,0.9628,3.571,0.719
1241,0.134965,0.9225,3.5553,0.72
777,0.134965,1.0315,3.6468,0.712
1060,0.0827661,1.0657,3.6615,0.712
1795,0.0550966,1.0746,3.6558,0.723
2265,0.0550966,1.0783,3.7148,0.718
2244,0.131072,1.2052,3.6665,0.72
1797,0.135796,1.3015,3.6713,0.714
1748,0.136748,0.7533,3.2821,0.723
1,0.148433,0.6492,3.4873,0.723
2371,0.121099,0.7512,3.5523,0.717
137,0.121099,0.5512,3.4367,0.715
826,0.0691156,0.5926,3.4916,0.722
1479,0.0691156,0.53,3.4384,0.712
712,0.0691156,0.5103,3.4099,0.724
1626,0.0826725,0.5502,3.3375,0.725
448,0.12092,0.4918,3.2323,0.713
531,0.12092,0.5664,3.1909,0.72
56,0.0873179,0.58,3.1331,0.717
2230,0.0873179,0.629,3.1301,0.723
958,0.106445,0.4602,3.1869,0.714
546,0.116668,0.4838,3.0671,0.716
1572,0.117726,0.349,3.1483,0.716
1852,0.117959,0.3496,3.2348,0.723
230,0.107776,0.2482,3.2711,0.719
684,0.107776,0.3059,3.3217,0.722
1275,0.0949982,0.2183,3.3584,0.72
4,0.0949982,0.3597,3.3503,0.727
2330,0.117959,0.2996,3.0413,0.721
2153,0.117959,0.2888,3.041,0.713
1092,0.117959,0.2147,3.0036,0.72
858,0.128238,0.4598,2.9418,0.729
33,0.128238,0.4016,2.9413,0.729
1252,0.128238,0.3923,2.8643,0.727
2101,0.102794,0.3138,2.8049,0.715
2116,0.150543,1.0102,3.849,0.714
1941,0.0963037,1.0126,3.8537,0.724
1784,0.0926785,1.0014,3.9073,0.718
2150,0.0550854,0.9578,3.9282,0.73
2123,0.0550854,1.0287,3.946,0.72
729,0.0817034,0.8764,3.9275,0.723
2067,0.124701,0.7989,3.9748,0.722
2342,0.0907995,0.8076,4.0315,0.722
803,0.0907995,0.74,3.9165,0.716
9,0.10271,0.8927,4.089,0.721
813,0.10271,0.7964,4.1262,0.712
775,0.0958832,0.88,4.1712,0.724
1088,0.0919631,0.9298,4.1541,0.723
2262,0.0919631,0.8292,4.2478,0.721
1475,0.0871968,0.7519,4.2079,0.727
1391,0.0871968,0.8489,4.264,0.726
1198,0.0871968,0.8016,4.2859,0.712
1523,0.0891505,0.8211,4.3728,0.716
1933,0.105399,0.6816,4.2862,0.721
1361,0.0900971,0.6295,4.2289,0.726
750,0.0900971,0.6275,4.2165,0.713
2249,0.0900971,0.6434,4.3677,0.717
290,0.0801202,0.6483,4.3741,0.712
1018,0.0767986,0.6481,4.3837,0.712
1925,0.0682803,0.6161,4.4426,0.725
539,0.0682803,0.62,4.4586,0.713
143,0.0682803,0.5793,4.4599,0.718
1906,0.0449138,0.5363,4.4484,0.724
1816,0.0869338,0.5652,4.3302,0.723
357,0.0869338,0.541,4.2897,0.717
536,0.0869338,0.5395,4.3365,0.723
736,0.11274,0.8788,4.3875,0.723
187,0.0896154,0.8901,4.4764,0.723
521,0.0896154,0.9645,4.4102,0.714
1499,0.115345,0.7106,4.5286,0.727
466,0.115345,0.741,4.4685,0.728
1862,0.115345,0.7041,4.6068,0.715
2293,0.0806605,0.6506,4.6431,0.714
429,0.06466,0.682,4.6831,0.729
1577,0.06466,0.6068,4.6651,0.731
2318,0.0773501,0.7084,4.748,0.715
1082,0.0773501,0.5837,4.5974,0.725
198,0.0992007,0.5857,4.7617,0.723
1317,0.0992007,0.5622,4.7684,0.719
1564,0.0871421,0.5777,4.8541,0.722
611,0.0871421,0.487,4.805,0.716
1549,0.103312,0.4223,4.8142,0.717
2348,0.11998,0.6787,4.1084,0.727
1026,0.120846,0.7354,4.8647,0.731
333,0.124925,0.8227,4.7972,0.726
1250,0.110465,0.8717,4.7495,0.713
794,0.110465,0.9092,4.7548,0.731
2091,0.129295,1.0296,4.8001,0.718
27,0.129295,1.041,4.8278,0.717
358,0.129295,1.1308,4.86,0.712
713,0.132018,0.4094,4.3141,0.724
1254,0.133532,0.6601,3.8319,0.726
1711,0.148379,0.3017,4.7289,0.731
1560,0.133409,0.2099,4.7007,0.714
2142,0.133409,0.2294,4.8408,0.724
1490,0.133409,0.2346,4.7024,0.72
190,0.133409,0.2964,4.9336,0.712
1828,0.133409,0.2173,4.908,0.724
1832,0.15159,0.8946,4.9302,0.715
2242,0.156167,4.4559,4.0263,0.727
1888,0.15628,1.1508,3.5198,0.712
3,0.156812,0.4341,4.6444,0.726
593,0.15683,0.2257,2.0138,0.717
824,0.157146,0.3427,4.5713,0.723
508,0.157401,4.5242,4.8062,0.718
674,0.157401,4.5487,4.7543,0.715
2128,0.157596,0.7408,2.4856,0.73
2106,0.157627,1.4555,3.5068,0.721
1174,0.159102,0.5044,2.0937,0.713
257,0.159102,0.6076,2.1625,0.713
397,0.124031,0.5569,2.183,0.72
1167,0.103826,0.6279,2.2579,0.716
2259,0.148964,0.472,2.3053,0.715
1813,0.107863,0.5242,2.3837,0.724
1567,0.105233,0.4215,2.4061,0.719
119,0.105233,0.5703,2.4023,0.731
488,0.105233,0.4139,2.3391,0.727
18,0.0682792,0.4166,2.3978,0.718
2017,0.109106,0.3188,2.446,0.722
250,0.110219,0.225,2.4221,0.715
320,0.114967,0.3418,2.2505,0.714
1101,0.116742,0.2961,2.5603,0.715
1353,0.120885,0.3834,2.548,0.716
1644,0.120885,0.4985,2.5795,0.72
1955,0.135664,0.2121,2.6666,0.722
1067,0.141266,0.2652,2.2323,0.716
1143,0.141906,0.4108,2.6868,0.727
1787,0.155417,0.1513,2.5031,0.718
1480,0.159438,1.8967,3.8203,0.723
683,0.0806893,1.9097,3.8324,0.719
971,0.0636435,1.9232,3.8942,0.712
152,0.0636435,1.9423,3.8865,0.716
2212,0.159746,2.3362,3.7233,0.712
1649,0.160673,1.29,1.8734,0.719
103,0.102367,1.3794,1.825,0.731
1089,0.102367,1.3898,1.8699,0.712
1681,0.102367,1.2586,1.7845,0.727
890,0.102367,1.41,1.766,0.725
2048,0.130545,1.1287,1.7894,0.715
891,0.157294,1.5666,1.773,0.712
2000,0.162005,4.6179,4.0276,0.727
1765,0.0938862,4.6927,4.0842,0.723
1741,0.0938862,4.6604,3.9795,0.73
1400,0.0828764,4.6215,3.9895,0.721
1289,0.0828764,4.7236,4.03,0.712
676,0.162005,4.3849,4.0964,0.716
1791,0.16244,0.7114,2.9902,0.718
15,0.162698,2.7389,4.7926,0.727
1255,0.162698,2.6435,4.763,0.73
327,0.157275,2.6873,4.914,0.726
2336,0.131915,2.6124,5.0023,0.72
662,0.131915,2.5983,4.9156,0.716
1497,0.157275,2.5039,4.7011,0.729
2232,0.162822,4.1946,4.9294,0.724
572,0.163042,0.2532,4.4762,0.712
627,0.100734,0.2507,4.3759,0.721
929,0.100734,0.245,4.3775,0.716
836,0.0991208,0.2032,4.4245,0.722
1930,0.15494,0.2422,4.2214,0.713
1613,0.156154,0.2728,4.1496,0.725
1504,0.164353,0.5184,1.5278,0.712
1571,0.166723,2.6153,1.3693,0.73
673,0.167422,2.6399,0.199,0.718
2204,0.168779,1.1972,3.9363,0.72
850,0.168779,1.2403,4.0228,0.713
1845,0.0968961,1.3172,3.9786,0.718
2195,0.0968961,1.2945,4.1003,0.716
301,0.114287,1.1833,4.1248,0.712
672,0.102422,1.1958,4.1577,0.721
1139,0.0882719,1.1653,4.1489,0.72
1638,0.072579,1.1236,4.208,0.714
2139,0.0882719,1.165,4.2745,0.72
563,0.0785631,1.1938,4.3045,0.715
111,0.06835,1.1789,4.3205,0.722
233,0.0480959,1.162,4.3638,0.727
1974,0.14046,1.151,4.5036,0.719
1695,0.142184,1.1112,4.4962,0.712
1789,0.142184,1.2007,4.6368,0.717
395,0.0978446,1.2753,4.6203,0.723
1164,0.0691715,1.2944,4.6101,0.726
1687,0.0671913,1.2997,4.6671,0.727
343,0.0529303,1.265,4.6887,0.723
2070,0.0529303,1.3123,4.6838,0.715
2003,0.0482213,1.3443,4.7141,0.719
2100,0.0560438,1.3584,4.6525,0.721
887,0.0607852,1.3733,4.6243,0.729
1378,0.0624891,1.3586,4.5903,0.727
1889,0.0903972,1.3211,4.5082,0.722
2050,0.0966597,1.3434,4.4956,0.715
1536,0.107812,1.4807,4.6335,0.727
979,0.107812,1.4611,4.5342,0.717
1680,0.107812,1.5738,4.6097,0.717
1696,0.0754348,1.5686,4.5518,0.716
263,0.0754348,1.5994,4.5396,0.728
1746,0.0754348,1.6226,4.6091,0.727
613,0.128821,1.4017,4.8289,0.73
620,0.137342,1.7404,4.679,0.717
1281,0.137342,1.7115,4.7939,0.723
22,0.118631,1.7337,4.8408,0.712
1678,0.110589,1.6237,4.8522,0.712
2235,0.110589,1.6885,4.9388,0.712
121,0.120439,1.8278,4.763,0.718
985,0.121226,1.8823,4.8675,0.723
1647,0.134806,1.5593,4.9728,0.73
1102,0.142528,1.5815,4.3982,0.728
1494,0.15138,1.917,4.9507,0.714
1882,0.154607,1.6364,4.2569,0.729
2327,0.151594,1.7399,4.2217,0.731
365,0.10934,1.7302,4.1949,0.716
2306,0.10934,1.8395,4.242,0.724
1248,0.124191,1.8226,4.365,0.727
28,0.13468,1.9715,4.2162,0.717
1470,0.13468,1.9579,4.1591,0.717
247,0.13468,1.9598,4.331,0.723
1332,0.169873,1.3606,4.2724,0.713
1466,0.17066,2.0451,4.4788,0.725
52,0.162353,2.1048,4.6293,0.713
376,0.151306,2.1284,4.778,0.728
1055,0.101668,2.1722,4.6866,0.72
758,0.101668,2.118,4.824,0.717
2096,0.101668,2.1133,4.8261,0.716
1471,0.103807,2.24,4.608,0.721
677,0.119643,2.3038,4.6373,0.712
474,0.119643,2.3154,4.7007,0.727
1903,0.139181,2.2399,4.8909,0.723
1779,0.100252,2.324,4.8616,0.719
1520,0.0891475,2.3344,4.9234,0.731
703,0.0891475,2.3522,4.8394,0.727
2246,0.100252,2.2392,4.9882,0.727
888,0.162353,2.1798,4.4235,0.718
1091,0.1437,2.1978,4.4403,0.716
1519,0.143434,2.2093,4.361,0.723
1268,0.0850464,2.2874,4.3283,0.715
537,0.117498,2.3509,4.4047,0.72
1818,0.0799872,2.4254,4.42,0.713
2203,0.0763764,2.3996,4.3875,0.719
1559,0.0763764,2.3819,4.478,0.712
896,0.117498,2.3831,4.2606,0.723
1874,0.117498,2.3481,4.2191,0.723
1792,0.0939025,2.3825,4.2392,0.726
492,0.0939025,2.2689,4.1689,0.718
756,0.168783,2.4936,4.6031,0.731
1412,0.171507,1.5801,1.7879,0.724
1785,0.172913,0.7288,2.9103,0.718
594,0.174167,0.4465,4.1369,0.726
912,0.0905575,0.3816,4.0889,0.719
504,0.0905575,0.4212,4.05,0.723
2072,0.0879916,0.4908,4.0687,0.73
35,0.0879916,0.406,3.9638,0.714
711,0.127555,0.3008,3.9204,0.723
2278,0.170686,0.4207,3.7946,0.731
16,0.138902,0.4985,3.6839,0.729
130,0.0905798,0.457,3.6892,0.715
1923,0.0566904,0.416,3.6501,0.713
783,0.0566904,0.4904,3.663,0.72
1505,0.0758338,0.3489,3.6758,0.726
1899,0.171127,0.2494,3.8948,0.714
428,0.177629,0.5673,2.7701,0.716
493,0.179843,5.134,0.2072,0.726
830,0.184603,0.5284,0.3115,0.724
520,0.1848,1.8723,4.5443,0.724
80,0.188915,2.1306,3.9005,0.722
942,0.189103,2.152,3.8294,0.72
523,0.1896,0.2407,1.2999,0.731
1441,0.189763,0.6969,2.5909,0.716
242,0.190144,5.0304,2.5431,0.726
1442,0.190278,5.2033,2.121,0.73
258,0.19707,0.7689,2.7548,0.728
2057,0.197196,2.6145,0.1216,0.719
878,0.200074,1.4461,3.8257,0.712
1063,0.205403,4.7848,4.9294,0.717
490,0.21899,1.7033,3.9779,0.728
1040,0.21899,1.6448,3.9896,0.72
731,0.21899,1.6301,3.992,0.731
839,0.22671,5.1898,2.382,0.72
872,0.22671,5.0761,2.4604,0.728
189,0.226792,2.3141,0.1791,0.727
1424,0.267332,0.2744,0.394,0.712
26,0.283488,0.0911,1.2398,0.728
1636,0.292745,5.1881,4.8295,0.729
